State Name,District Name,Market Name,Variety,Group,Arrivals (Tonnes),Min Price (Rs./Quintal),Max Price (Rs./Quintal),Modal Price (Rs./Quintal),Reported Date,Grade,tempmax,tempmin,humidity,precip,uvindex
NCT of Delhi,Delhi,Azadpur,Capsicum,Vegetables,6.4,1000,2000,1600,2024-02-05,FAQ,68.0,54.1,83.7,0.0,7
NCT of Delhi,Delhi,Azadpur,Capsicum,Vegetables,6.7,2000,6000,4200,2024-10-05,FAQ,95.3,80.0,67.7,0.0,8
NCT of Delhi,Delhi,Azadpur,Capsicum,Vegetables,7.7,2000,10000,8500,2024-04-12,FAQ,101.2,73.3,31.5,0.0,10
NCT of Delhi,Delhi,Azadpur,Capsicum,Vegetables,7.9,2000,6000,4250,2023-03-10,FAQ,85.8,63.1,60.7,0.0,9
NCT of Delhi,Delhi,Azadpur,Capsicum,Vegetables,8.5,3500,7000,5000,2023-08-16,FAQ,95.2,82.6,72.2,0.13,8
NCT of Delhi,Delhi,Azadpur,Capsicum,Vegetables,8.9,1000,2000,1350,2025-04-22,FAQ,104.0,72.7,17.8,0.0,10
NCT of Delhi,Delhi,Azadpur,Capsicum,Vegetables,9.5,1000,2000,1500,2025-03-18,FAQ,84.5,62.1,57.5,0.0,9
NCT of Delhi,Delhi,Azadpur,Capsicum,Vegetables,18.9,1000,2000,1350,2025-05-05,FAQ,89.6,75.0,57.2,0.016,9
NCT of Delhi,Delhi,Azadpur,Capsicum,Vegetables,19.2,700,1700,1200,2023-11-22,FAQ,77.0,55.4,67.8,0.0,7
NCT of Delhi,Delhi,Azadpur,Capsicum,Vegetables,20.4,700,1500,1100,2023-11-20,FAQ,78.4,57.2,72.7,0.0,7
NCT of Delhi,Delhi,Azadpur,Capsicum,Vegetables,20.4,1000,2000,1450,2025-05-19,FAQ,102.6,84.2,54.8,0.0,10
NCT of Delhi,Delhi,Azadpur,Capsicum,Vegetables,21.0,2400,7500,5500,2024-11-02,FAQ,90.7,65.2,56.8,0.0,7
NCT of Delhi,Delhi,Azadpur,Capsicum,Vegetables,21.2,1000,3500,2250,2023-06-19,FAQ,91.8,78.8,81.0,0.344,8
NCT of Delhi,Delhi,Azadpur,Capsicum,Vegetables,22.0,2000,5000,3650,2024-04-11,FAQ,100.4,71.3,31.4,0.0,10
NCT of Delhi,Delhi,Azadpur,Capsicum,Vegetables,23.1,4000,6000,5150,2024-09-05,FAQ,90.0,75.2,85.4,0.027,7
NCT of Delhi,Delhi,Azadpur,Capsicum,Vegetables,24.5,3600,18000,9667,2023-07-12,FAQ,89.6,80.6,88.0,0.036,7
NCT of Delhi,Delhi,Azadpur,Capsicum,Vegetables,25.7,2400,7500,5500,2024-11-01,FAQ,90.7,64.4,55.2,0.0,7
NCT of Delhi,Delhi,Azadpur,Capsicum,Vegetables,26.4,1000,2000,1350,2025-05-13,FAQ,103.2,82.4,41.3,0.039,10
NCT of Delhi,Delhi,Azadpur,Capsicum,Vegetables,27.4,500,1800,1100,2023-05-30,FAQ,94.5,71.6,68.8,1.236,9
NCT of Delhi,Delhi,Azadpur,Capsicum,Vegetables,27.4,1000,2000,1350,2025-05-10,FAQ,95.2,80.2,61.2,0.458,8
NCT of Delhi,Delhi,Azadpur,Capsicum,Vegetables,27.6,2000,10000,5667,2023-07-17,FAQ,91.4,82.4,86.2,0.0,5
NCT of Delhi,Delhi,Azadpur,Capsicum,Vegetables,28.2,700,1700,1150,2023-11-23,FAQ,78.8,52.6,68.6,0.0,7
NCT of Delhi,Delhi,Azadpur,Capsicum,Vegetables,29.6,700,1500,1050,2024-06-13,FAQ,113.0,88.1,23.4,0.0,9
NCT of Delhi,Delhi,Azadpur,Capsicum,Vegetables,31.5,1500,3000,2250,2024-01-23,FAQ,63.8,46.4,84.9,0.0,7
NCT of Delhi,Delhi,Azadpur,Capsicum,Vegetables,31.7,1000,3000,2100,2023-12-04,FAQ,75.5,60.8,71.6,0.001,6
NCT of Delhi,Delhi,Azadpur,Capsicum,Vegetables,32.1,1000,3000,2000,2023-06-16,FAQ,100.5,82.4,56.3,0.319,9
NCT of Delhi,Delhi,Azadpur,Capsicum,Vegetables,32.2,1000,2500,1700,2025-03-08,FAQ,85.4,57.2,50.6,0.0,9
NCT of Delhi,Delhi,Azadpur,Capsicum,Vegetables,32.7,3000,15000,7500,2023-07-11,FAQ,89.7,78.8,89.8,0.016,6
NCT of Delhi,Delhi,Azadpur,Capsicum,Vegetables,33.2,1000,2000,1500,2025-05-26,FAQ,93.9,79.5,73.6,0.0,9
NCT of Delhi,Delhi,Azadpur,Capsicum,Vegetables,33.3,3600,18000,9667,2023-07-13,FAQ,90.9,80.5,88.1,0.068,7
NCT of Delhi,Delhi,Azadpur,Capsicum,Vegetables,33.6,200,800,500,2023-05-04,FAQ,87.8,65.5,71.3,0.0,9
NCT of Delhi,Delhi,Azadpur,Capsicum,Vegetables,33.8,2000,9000,6500,2023-07-10,FAQ,87.8,78.6,96.7,0.277,6
NCT of Delhi,Delhi,Azadpur,Capsicum,Vegetables,34.8,500,1800,1150,2023-06-23,FAQ,98.3,80.5,69.8,0.235,8
NCT of Delhi,Delhi,Azadpur,Capsicum,Vegetables,36.4,1000,3000,2000,2023-11-10,FAQ,71.6,64.4,84.5,0.304,5
NCT of Delhi,Delhi,Azadpur,Capsicum,Vegetables,36.8,2000,6000,4000,2024-08-05,FAQ,90.0,82.4,80.1,0.0,7
NCT of Delhi,Delhi,Azadpur,Capsicum,Vegetables,37.2,2000,5000,3850,2024-08-19,FAQ,94.1,82.4,79.1,0.0,7
NCT of Delhi,Delhi,Azadpur,Capsicum,Vegetables,37.4,2000,5000,3850,2024-08-16,FAQ,93.8,80.6,86.1,0.34,6
NCT of Delhi,Delhi,Azadpur,Capsicum,Vegetables,37.7,2000,6000,4250,2023-07-08,FAQ,84.2,78.8,97.1,4.668,3
NCT of Delhi,Delhi,Azadpur,Capsicum,Vegetables,37.7,4000,10000,7500,2023-07-29,FAQ,87.8,78.7,92.3,0.225,6
NCT of Delhi,Delhi,Azadpur,Capsicum,Vegetables,37.9,500,1500,950,2023-05-29,FAQ,93.2,73.0,69.8,0.276,9
NCT of Delhi,Delhi,Azadpur,Capsicum,Vegetables,38.3,1000,2500,1700,2025-03-29,FAQ,84.2,55.4,28.3,0.0,9
NCT of Delhi,Delhi,Azadpur,Capsicum,Vegetables,39.3,1000,2000,1350,2025-04-30,FAQ,98.2,80.1,45.3,0.0,10
NCT of Delhi,Delhi,Azadpur,Capsicum,Vegetables,39.4,1000,3000,2200,2025-04-01,FAQ,93.2,60.9,29.4,0.0,10
NCT of Delhi,Delhi,Azadpur,Capsicum,Vegetables,39.4,2400,7500,5500,2024-11-04,FAQ,87.9,64.3,63.7,0.0,7
NCT of Delhi,Delhi,Azadpur,Capsicum,Vegetables,39.5,1000,2000,1350,2025-05-07,FAQ,96.3,78.3,57.5,0.0,9
NCT of Delhi,Delhi,Azadpur,Capsicum,Vegetables,39.5,1000,2000,1350,2025-05-08,FAQ,96.8,77.4,54.1,0.002,9
NCT of Delhi,Delhi,Azadpur,Capsicum,Vegetables,39.7,500,3000,1750,2023-06-29,FAQ,91.3,76.4,87.6,0.827,7
NCT of Delhi,Delhi,Azadpur,Capsicum,Vegetables,40.0,2000,5000,3750,2025-06-26,FAQ,99.1,85.8,68.0,0.005,9
NCT of Delhi,Delhi,Azadpur,Capsicum,Vegetables,40.0,4000,10000,7500,2023-07-18,FAQ,89.6,82.4,92.2,0.024,5
NCT of Delhi,Delhi,Azadpur,Capsicum,Vegetables,40.2,800,3000,1500,2023-06-20,FAQ,98.5,80.6,67.8,0.021,7
NCT of Delhi,Delhi,Azadpur,Capsicum,Vegetables,40.7,2000,5000,3700,2024-04-06,FAQ,94.2,69.8,29.2,0.0,10
NCT of Delhi,Delhi,Azadpur,Capsicum,Vegetables,42.1,1500,2500,2000,2025-06-07,FAQ,102.6,81.8,45.4,0.0,9
NCT of Delhi,Delhi,Azadpur,Capsicum,Vegetables,42.4,1000,2000,1350,2025-05-06,FAQ,94.7,73.4,55.1,0.0,9
NCT of Delhi,Delhi,Azadpur,Capsicum,Vegetables,43.3,1000,3500,2250,2023-06-17,FAQ,99.7,83.8,62.0,0.011,8
NCT of Delhi,Delhi,Azadpur,Capsicum,Vegetables,43.3,2000,5000,3250,2025-06-30,FAQ,85.9,78.7,89.2,0.695,6
NCT of Delhi,Delhi,Azadpur,Capsicum,Vegetables,43.4,2400,6500,4950,2024-11-06,FAQ,88.2,65.2,66.5,0.0,7
NCT of Delhi,Delhi,Azadpur,Capsicum,Vegetables,43.5,1000,2000,1350,2025-05-14,FAQ,104.0,77.5,39.3,0.0,10
NCT of Delhi,Delhi,Azadpur,Capsicum,Vegetables,44.0,700,1500,1000,2024-05-11,FAQ,100.5,78.8,41.4,0.007,10
NCT of Delhi,Delhi,Azadpur,Capsicum,Vegetables,44.0,1500,2500,2000,2025-06-06,FAQ,100.4,79.9,49.9,0.0,9
NCT of Delhi,Delhi,Azadpur,Capsicum,Vegetables,44.2,1000,2000,1450,2025-05-16,FAQ,107.7,82.2,38.0,0.036,10
NCT of Delhi,Delhi,Azadpur,Capsicum,Vegetables,44.3,700,1500,1000,2024-06-03,FAQ,111.2,87.4,29.1,0.0,9
NCT of Delhi,Delhi,Azadpur,Capsicum,Vegetables,44.3,1000,2000,1500,2025-05-24,FAQ,99.7,84.9,52.5,0.0,8
NCT of Delhi,Delhi,Azadpur,Capsicum,Vegetables,44.7,2000,5000,3750,2024-04-22,FAQ,97.6,77.0,31.9,0.0,9
NCT of Delhi,Delhi,Azadpur,Capsicum,Vegetables,44.8,1000,2500,1800,2025-06-02,FAQ,95.9,77.6,52.6,0.043,9
NCT of Delhi,Delhi,Azadpur,Capsicum,Vegetables,44.8,4000,8000,6500,2024-09-24,FAQ,97.5,82.4,75.7,0.0,7
NCT of Delhi,Delhi,Azadpur,Capsicum,Vegetables,44.9,1000,2000,1500,2025-03-17,FAQ,82.4,62.6,59.5,0.0,8
NCT of Delhi,Delhi,Azadpur,Capsicum,Vegetables,45.0,800,2500,1850,2023-01-23,FAQ,76.6,50.0,68.3,0.0,7
NCT of Delhi,Delhi,Azadpur,Capsicum,Vegetables,45.2,1500,2500,2000,2024-01-02,FAQ,61.4,48.2,82.2,0.0,5
NCT of Delhi,Delhi,Azadpur,Capsicum,Vegetables,45.5,1000,2000,1350,2025-04-29,FAQ,96.9,77.0,42.5,0.0,10
NCT of Delhi,Delhi,Azadpur,Capsicum,Vegetables,45.6,1500,3000,2100,2024-01-08,FAQ,59.0,45.5,88.2,0.0,6
NCT of Delhi,Delhi,Azadpur,Capsicum,Vegetables,45.7,1500,4000,2750,2023-04-01,FAQ,82.4,62.6,79.7,0.124,9
NCT of Delhi,Delhi,Azadpur,Capsicum,Vegetables,45.7,2000,5000,3750,2024-04-13,FAQ,101.3,76.6,40.2,0.077,10
NCT of Delhi,Delhi,Azadpur,Capsicum,Vegetables,46.1,1000,2500,1750,2023-06-07,FAQ,100.4,78.5,39.4,0.0,9
NCT of Delhi,Delhi,Azadpur,Capsicum,Vegetables,46.3,2000,3000,2500,2025-01-09,FAQ,69.8,44.4,77.0,0.0,7
NCT of Delhi,Delhi,Azadpur,Capsicum,Vegetables,47.0,2000,6000,4200,2024-10-03,FAQ,96.2,80.6,61.7,0.0,8
NCT of Delhi,Delhi,Azadpur,Capsicum,Vegetables,47.1,4000,10000,7500,2023-07-19,FAQ,95.0,82.4,82.6,0.0,7
NCT of Delhi,Delhi,Azadpur,Capsicum,Vegetables,47.2,1000,2000,1500,2025-04-15,FAQ,98.7,76.5,40.9,0.0,9
NCT of Delhi,Delhi,Azadpur,Capsicum,Vegetables,47.5,700,1500,1000,2024-06-11,FAQ,111.2,84.9,24.1,0.0,9
NCT of Delhi,Delhi,Azadpur,Capsicum,Vegetables,47.9,1000,3500,2400,2023-07-03,FAQ,99.5,84.2,69.9,0.0,8
NCT of Delhi,Delhi,Azadpur,Capsicum,Vegetables,48.2,2000,4500,3100,2024-03-11,FAQ,86.4,60.7,47.5,0.0,9
NCT of Delhi,Delhi,Azadpur,Capsicum,Vegetables,48.3,700,1500,1000,2024-05-29,FAQ,114.8,86.7,27.4,0.0,10
NCT of Delhi,Delhi,Azadpur,Capsicum,Vegetables,48.4,2000,5000,3650,2024-08-12,FAQ,84.1,78.7,95.2,0.64,3
NCT of Delhi,Delhi,Azadpur,Capsicum,Vegetables,49.0,200,1000,550,2023-12-12,FAQ,74.7,48.1,72.3,0.0,6
NCT of Delhi,Delhi,Azadpur,Capsicum,Vegetables,49.0,1000,2000,1350,2025-04-23,FAQ,102.4,70.6,19.5,0.0,10
NCT of Delhi,Delhi,Azadpur,Capsicum,Vegetables,49.3,800,2000,1400,2023-06-21,FAQ,97.5,78.8,71.7,0.003,8
NCT of Delhi,Delhi,Azadpur,Capsicum,Vegetables,49.5,5000,12000,8500,2023-07-22,FAQ,95.5,84.2,77.2,0.0,7
NCT of Delhi,Delhi,Azadpur,Capsicum,Vegetables,49.6,1000,2000,1350,2025-04-24,FAQ,104.2,72.5,19.3,0.0,10
NCT of Delhi,Delhi,Azadpur,Capsicum,Vegetables,49.8,700,1500,1000,2024-05-25,FAQ,109.4,87.8,35.9,0.0,9
NCT of Delhi,Delhi,Azadpur,Capsicum,Vegetables,50.0,1000,2000,1350,2025-04-26,FAQ,105.8,72.0,23.7,0.0,10
NCT of Delhi,Delhi,Azadpur,Capsicum,Vegetables,50.1,1000,2500,2000,2025-04-08,FAQ,103.7,75.3,33.3,0.0,9
NCT of Delhi,Delhi,Azadpur,Capsicum,Vegetables,50.5,700,1500,1050,2024-06-10,FAQ,109.7,87.5,23.5,0.0,10
NCT of Delhi,Delhi,Azadpur,Capsicum,Vegetables,50.6,1000,2000,1350,2025-05-01,FAQ,99.3,80.6,47.2,0.0,9
NCT of Delhi,Delhi,Azadpur,Capsicum,Vegetables,51.2,1000,2000,1500,2025-04-14,FAQ,97.9,72.8,44.0,0.0,9
NCT of Delhi,Delhi,Azadpur,Capsicum,Vegetables,51.6,1000,2500,1800,2025-06-04,FAQ,92.3,77.7,54.9,0.0,9
NCT of Delhi,Delhi,Azadpur,Capsicum,Vegetables,51.6,1500,3000,2000,2025-02-27,FAQ,75.6,68.0,63.8,0.0,5
NCT of Delhi,Delhi,Azadpur,Capsicum,Vegetables,51.7,2000,5000,3900,2023-09-29,FAQ,92.2,74.5,62.4,0.0,8
NCT of Delhi,Delhi,Azadpur,Capsicum,Vegetables,51.8,2000,10000,4667,2023-07-15,FAQ,92.9,78.8,87.0,0.539,6
NCT of Delhi,Delhi,Azadpur,Capsicum,Vegetables,51.9,2000,5000,3750,2023-03-09,FAQ,84.6,65.6,51.1,0.0,8
NCT of Delhi,Delhi,Azadpur,Capsicum,Vegetables,52.0,300,1500,900,2023-04-12,FAQ,96.8,74.3,32.2,0.0,9
NCT of Delhi,Delhi,Azadpur,Capsicum,Vegetables,52.2,1000,2000,1350,2025-05-03,FAQ,93.2,73.1,63.7,0.0,9
NCT of Delhi,Delhi,Azadpur,Capsicum,Vegetables,52.2,2000,6000,4200,2024-08-27,FAQ,90.4,77.0,86.0,0.638,8
NCT of Delhi,Delhi,Azadpur,Capsicum,Vegetables,52.5,1500,3000,2150,2024-01-16,FAQ,64.4,41.8,88.4,0.0,7
NCT of Delhi,Delhi,Azadpur,Capsicum,Vegetables,52.6,2000,5000,4150,2023-10-03,FAQ,93.0,68.8,49.0,0.0,8
NCT of Delhi,Delhi,Azadpur,Capsicum,Vegetables,52.7,1000,3000,2000,2023-06-14,FAQ,104.2,86.0,40.5,0.0,9
NCT of Delhi,Delhi,Azadpur,Capsicum,Vegetables,53.0,2000,5000,3750,2024-04-19,FAQ,100.4,80.1,32.1,0.0,9
NCT of Delhi,Delhi,Azadpur,Capsicum,Vegetables,53.3,1000,2000,1350,2025-04-25,FAQ,105.8,75.4,22.3,0.0,10
NCT of Delhi,Delhi,Azadpur,Capsicum,Vegetables,53.3,1000,3000,1900,2023-12-05,FAQ,75.4,56.5,69.5,0.0,6
NCT of Delhi,Delhi,Azadpur,Capsicum,Vegetables,53.3,4000,12000,8000,2023-07-25,FAQ,94.9,84.2,80.8,0.0,6
NCT of Delhi,Delhi,Azadpur,Capsicum,Vegetables,53.4,1000,3000,2000,2023-06-15,FAQ,98.5,84.2,45.3,0.004,8
NCT of Delhi,Delhi,Azadpur,Capsicum,Vegetables,53.6,700,1500,1000,2024-05-17,FAQ,111.2,80.6,26.1,0.0,10
NCT of Delhi,Delhi,Azadpur,Capsicum,Vegetables,53.6,1000,2000,1500,2025-04-10,FAQ,102.2,80.6,35.6,0.0,9
NCT of Delhi,Delhi,Azadpur,Capsicum,Vegetables,53.6,1000,3500,2400,2023-07-05,FAQ,92.9,78.8,85.9,0.273,7
NCT of Delhi,Delhi,Azadpur,Capsicum,Vegetables,53.7,2000,4000,3000,2023-11-01,FAQ,87.9,64.4,64.5,0.0,7
NCT of Delhi,Delhi,Azadpur,Capsicum,Vegetables,53.8,1500,3000,2150,2025-06-25,FAQ,92.6,86.0,80.5,0.0,7
NCT of Delhi,Delhi,Azadpur,Capsicum,Vegetables,54.3,1000,2000,1500,2025-04-09,FAQ,104.0,78.7,39.0,0.0,9
NCT of Delhi,Delhi,Azadpur,Capsicum,Vegetables,54.4,1500,2500,2000,2025-06-09,FAQ,109.5,84.7,34.4,0.0,9
NCT of Delhi,Delhi,Azadpur,Capsicum,Vegetables,54.5,1500,2300,1950,2023-12-23,FAQ,73.4,53.2,75.2,0.004,6
NCT of Delhi,Delhi,Azadpur,Capsicum,Vegetables,54.6,800,2000,1400,2023-06-22,FAQ,97.7,84.2,68.1,0.034,5
NCT of Delhi,Delhi,Azadpur,Capsicum,Vegetables,54.6,1500,2500,2100,2023-12-26,FAQ,69.8,46.4,85.1,0.0,6
NCT of Delhi,Delhi,Azadpur,Capsicum,Vegetables,55.1,100,600,350,2023-05-02,FAQ,81.4,69.8,83.3,0.016,7
NCT of Delhi,Delhi,Azadpur,Capsicum,Vegetables,55.1,2000,5000,4000,2024-04-20,FAQ,97.4,76.7,36.2,0.0,9
NCT of Delhi,Delhi,Azadpur,Capsicum,Vegetables,55.2,800,1500,1050,2024-05-09,FAQ,98.8,78.8,48.3,0.0,10
NCT of Delhi,Delhi,Azadpur,Capsicum,Vegetables,55.3,500,2500,1500,2023-06-26,FAQ,88.6,78.8,86.1,0.043,6
NCT of Delhi,Delhi,Azadpur,Capsicum,Vegetables,55.5,1000,3500,2400,2023-07-04,FAQ,95.0,78.8,78.8,0.083,8
NCT of Delhi,Delhi,Azadpur,Capsicum,Vegetables,56.0,1500,3000,2000,2025-02-18,FAQ,81.5,59.0,57.9,0.0,8
NCT of Delhi,Delhi,Azadpur,Capsicum,Vegetables,56.0,1500,3000,2250,2024-01-19,FAQ,59.0,44.6,89.7,0.0,6
NCT of Delhi,Delhi,Azadpur,Capsicum,Vegetables,56.1,1500,2500,2100,2025-01-29,FAQ,76.4,46.8,71.9,0.0,7
NCT of Delhi,Delhi,Azadpur,Capsicum,Vegetables,56.3,5000,13000,9500,2023-07-20,FAQ,98.3,84.2,70.8,0.004,8
NCT of Delhi,Delhi,Azadpur,Capsicum,Vegetables,56.4,1000,2000,1350,2025-04-28,FAQ,104.0,77.3,29.2,0.0,10
NCT of Delhi,Delhi,Azadpur,Capsicum,Vegetables,56.4,3000,6000,4750,2023-10-18,FAQ,86.0,65.5,63.8,0.0,8
NCT of Delhi,Delhi,Azadpur,Capsicum,Vegetables,56.5,300,1500,850,2023-04-21,FAQ,95.8,73.4,35.2,0.0,9
NCT of Delhi,Delhi,Azadpur,Capsicum,Vegetables,56.6,1000,2500,2000,2025-04-04,FAQ,99.4,70.8,26.6,0.0,10
NCT of Delhi,Delhi,Azadpur,Capsicum,Vegetables,56.8,1000,2000,1500,2025-03-26,FAQ,100.2,67.1,36.7,0.0,9
NCT of Delhi,Delhi,Azadpur,Capsicum,Vegetables,56.8,1500,3000,2250,2025-06-23,FAQ,96.8,84.2,72.7,0.136,9
NCT of Delhi,Delhi,Azadpur,Capsicum,Vegetables,56.9,300,1500,900,2023-04-13,FAQ,100.4,70.3,32.1,0.0,10
NCT of Delhi,Delhi,Azadpur,Capsicum,Vegetables,57.0,1000,3000,2300,2025-04-03,FAQ,99.6,61.4,30.5,0.0,10
NCT of Delhi,Delhi,Azadpur,Capsicum,Vegetables,57.5,1500,3000,2250,2024-01-13,FAQ,62.6,42.1,86.7,0.0,6
NCT of Delhi,Delhi,Azadpur,Capsicum,Vegetables,57.6,700,1500,1000,2024-05-23,FAQ,104.0,87.6,45.1,0.0,9
NCT of Delhi,Delhi,Azadpur,Capsicum,Vegetables,57.6,2000,6000,4000,2024-08-22,FAQ,96.4,82.4,76.2,0.136,8
NCT of Delhi,Delhi,Azadpur,Capsicum,Vegetables,57.7,500,1800,1150,2023-01-10,FAQ,62.6,44.6,88.6,0.0,7
NCT of Delhi,Delhi,Azadpur,Capsicum,Vegetables,57.8,2000,5000,3850,2024-03-28,FAQ,96.7,73.3,40.9,0.0,9
NCT of Delhi,Delhi,Azadpur,Capsicum,Vegetables,58.0,500,1800,1100,2023-05-31,FAQ,86.9,71.6,81.3,0.132,8
NCT of Delhi,Delhi,Azadpur,Capsicum,Vegetables,58.0,1500,2500,2100,2025-01-27,FAQ,72.2,46.4,67.2,0.0,7
NCT of Delhi,Delhi,Azadpur,Capsicum,Vegetables,58.2,700,1500,1000,2024-05-15,FAQ,105.8,76.8,25.1,0.0,10
NCT of Delhi,Delhi,Azadpur,Capsicum,Vegetables,58.3,1000,2500,1700,2025-03-11,FAQ,92.1,63.8,53.3,0.0,8
NCT of Delhi,Delhi,Azadpur,Capsicum,Vegetables,58.3,1500,2500,2000,2025-06-05,FAQ,96.5,78.8,48.6,0.0,9
NCT of Delhi,Delhi,Azadpur,Capsicum,Vegetables,58.4,1000,1800,1350,2024-05-03,FAQ,100.4,68.3,24.8,0.0,10
NCT of Delhi,Delhi,Azadpur,Capsicum,Vegetables,58.4,2000,5000,3850,2024-08-13,FAQ,89.6,78.7,91.2,2.25,5
NCT of Delhi,Delhi,Azadpur,Capsicum,Vegetables,58.5,500,1500,950,2023-05-27,FAQ,89.7,68.0,66.7,0.715,9
NCT of Delhi,Delhi,Azadpur,Capsicum,Vegetables,58.7,2000,5000,3800,2023-10-31,FAQ,88.9,67.1,67.1,0.0,7
NCT of Delhi,Delhi,Azadpur,Capsicum,Vegetables,58.7,2000,5000,3850,2024-03-29,FAQ,96.7,69.7,51.4,0.0,9
NCT of Delhi,Delhi,Azadpur,Capsicum,Vegetables,58.7,2500,8000,6200,2024-10-22,FAQ,91.4,70.7,67.8,0.0,7
NCT of Delhi,Delhi,Azadpur,Capsicum,Vegetables,58.9,300,2000,1000,2023-04-10,FAQ,93.3,64.7,31.2,0.0,10
NCT of Delhi,Delhi,Azadpur,Capsicum,Vegetables,58.9,1500,3000,2000,2025-02-26,FAQ,87.4,61.9,57.1,0.0,8
NCT of Delhi,Delhi,Azadpur,Capsicum,Vegetables,59.4,4000,6000,5300,2024-09-12,FAQ,84.2,75.2,95.4,0.638,1
NCT of Delhi,Delhi,Azadpur,Capsicum,Vegetables,59.5,1500,2500,2100,2025-01-28,FAQ,74.7,45.2,65.1,0.0,7
NCT of Delhi,Delhi,Azadpur,Capsicum,Vegetables,59.9,2000,5000,4000,2024-04-17,FAQ,95.0,71.6,28.5,0.0,10
NCT of Delhi,Delhi,Azadpur,Capsicum,Vegetables,60.5,500,1800,1150,2023-06-24,FAQ,97.6,86.0,69.2,0.0,7
NCT of Delhi,Delhi,Azadpur,Capsicum,Vegetables,60.8,1500,3000,2250,2024-01-10,FAQ,56.2,46.4,87.4,0.0,6
NCT of Delhi,Delhi,Azadpur,Capsicum,Vegetables,60.9,4000,10000,7500,2023-07-27,FAQ,93.2,80.5,84.6,0.008,6
NCT of Delhi,Delhi,Azadpur,Capsicum,Vegetables,61.1,1000,2000,1500,2025-05-23,FAQ,97.1,80.6,58.4,0.0,9
NCT of Delhi,Delhi,Azadpur,Capsicum,Vegetables,61.2,2200,6000,3650,2023-10-26,FAQ,87.8,64.5,54.5,0.0,8
NCT of Delhi,Delhi,Azadpur,Capsicum,Vegetables,61.3,1000,2000,1500,2025-05-20,FAQ,107.6,85.9,52.1,0.0,10
NCT of Delhi,Delhi,Azadpur,Capsicum,Vegetables,61.5,700,1500,950,2024-06-07,FAQ,107.6,83.8,29.9,0.0,9
NCT of Delhi,Delhi,Azadpur,Capsicum,Vegetables,61.5,1000,4500,3000,2023-07-06,FAQ,85.8,78.8,91.8,0.117,6
NCT of Delhi,Delhi,Azadpur,Capsicum,Vegetables,61.6,100,600,350,2023-05-08,FAQ,96.1,73.6,53.1,0.0,10
NCT of Delhi,Delhi,Azadpur,Capsicum,Vegetables,61.7,200,800,500,2023-04-20,FAQ,94.7,77.0,40.0,0.039,9
NCT of Delhi,Delhi,Azadpur,Capsicum,Vegetables,61.9,2000,3000,2500,2025-01-08,FAQ,68.8,44.6,79.8,0.0,7
NCT of Delhi,Delhi,Azadpur,Capsicum,Vegetables,62.3,1000,2000,1350,2025-04-19,FAQ,101.1,79.8,47.4,0.0,9
NCT of Delhi,Delhi,Azadpur,Capsicum,Vegetables,62.6,700,1500,1100,2023-11-21,FAQ,78.0,56.5,70.9,0.0,7
NCT of Delhi,Delhi,Azadpur,Capsicum,Vegetables,62.7,2000,5000,3050,2024-02-24,FAQ,75.3,51.6,50.3,0.0,8
NCT of Delhi,Delhi,Azadpur,Capsicum,Vegetables,62.8,2000,3000,2550,2025-01-04,FAQ,66.5,48.2,92.9,0.0,6
NCT of Delhi,Delhi,Azadpur,Capsicum,Vegetables,62.8,2000,5000,3200,2024-02-28,FAQ,76.3,53.6,63.5,0.0,8
NCT of Delhi,Delhi,Azadpur,Capsicum,Vegetables,63.0,1500,3000,2100,2024-01-24,FAQ,60.8,47.4,85.8,0.0,7
NCT of Delhi,Delhi,Azadpur,Capsicum,Vegetables,63.1,1000,1500,1200,2024-05-08,FAQ,97.6,82.4,50.3,0.0,10
NCT of Delhi,Delhi,Azadpur,Capsicum,Vegetables,63.3,1000,3000,2200,2025-04-02,FAQ,96.0,60.6,32.7,0.0,10
NCT of Delhi,Delhi,Azadpur,Capsicum,Vegetables,63.8,1000,2000,1350,2025-04-21,FAQ,104.5,80.6,30.4,0.0,10
NCT of Delhi,Delhi,Azadpur,Capsicum,Vegetables,64.0,1000,3000,1950,2024-11-30,FAQ,78.1,51.8,66.7,0.0,6
NCT of Delhi,Delhi,Azadpur,Capsicum,Vegetables,64.1,1000,2500,1800,2025-05-30,FAQ,93.2,82.8,54.2,0.0,9
NCT of Delhi,Delhi,Azadpur,Capsicum,Vegetables,64.2,1500,2500,2000,2025-06-10,FAQ,111.2,87.7,26.8,0.0,10
NCT of Delhi,Delhi,Azadpur,Capsicum,Vegetables,64.5,1000,1800,1300,2025-03-19,FAQ,89.2,61.3,49.5,0.0,9
NCT of Delhi,Delhi,Azadpur,Capsicum,Vegetables,64.7,1000,2500,1800,2025-05-31,FAQ,102.2,80.7,49.7,0.0,9
NCT of Delhi,Delhi,Azadpur,Capsicum,Vegetables,65.0,1000,2000,1500,2023-06-02,FAQ,92.2,72.6,53.9,0.0,9
NCT of Delhi,Delhi,Azadpur,Capsicum,Vegetables,65.1,1500,3200,2650,2024-12-14,FAQ,71.7,44.6,50.8,0.0,7
NCT of Delhi,Delhi,Azadpur,Capsicum,Vegetables,65.2,300,1500,900,2023-04-14,FAQ,101.0,72.6,26.4,0.0,10
NCT of Delhi,Delhi,Azadpur,Capsicum,Vegetables,65.2,1000,2500,2000,2025-04-07,FAQ,102.3,71.6,33.2,0.0,9
NCT of Delhi,Delhi,Azadpur,Capsicum,Vegetables,65.4,200,800,500,2023-04-19,FAQ,99.1,77.0,35.2,0.0,10
NCT of Delhi,Delhi,Azadpur,Capsicum,Vegetables,65.5,800,2500,1850,2023-01-24,FAQ,69.2,56.8,81.5,0.0,4
NCT of Delhi,Delhi,Azadpur,Capsicum,Vegetables,65.5,1000,2000,1350,2025-05-12,FAQ,100.4,78.8,38.4,0.0,9
NCT of Delhi,Delhi,Azadpur,Capsicum,Vegetables,65.9,700,1500,1000,2024-05-30,FAQ,114.8,89.6,23.0,0.0,9
NCT of Delhi,Delhi,Azadpur,Capsicum,Vegetables,65.9,1200,7000,5350,2024-10-15,FAQ,91.5,67.6,53.9,0.0,8
NCT of Delhi,Delhi,Azadpur,Capsicum,Vegetables,65.9,3000,8000,6000,2023-08-07,FAQ,91.7,82.4,70.7,0.0,8
NCT of Delhi,Delhi,Azadpur,Capsicum,Vegetables,66.1,700,1500,1000,2024-05-28,FAQ,114.8,83.8,23.8,0.0,10
NCT of Delhi,Delhi,Azadpur,Capsicum,Vegetables,66.1,1000,2000,1450,2025-05-17,FAQ,105.8,82.7,37.6,0.008,9
NCT of Delhi,Delhi,Azadpur,Capsicum,Vegetables,66.2,500,2500,1400,2023-04-11,FAQ,97.2,66.5,31.1,0.0,10
NCT of Delhi,Delhi,Azadpur,Capsicum,Vegetables,66.2,1000,3000,2150,2024-12-07,FAQ,74.1,48.1,54.9,0.0,7
NCT of Delhi,Delhi,Azadpur,Capsicum,Vegetables,66.4,200,1000,500,2023-12-08,FAQ,77.0,53.1,69.8,0.0,6
NCT of Delhi,Delhi,Azadpur,Capsicum,Vegetables,66.4,1000,2000,1500,2025-03-27,FAQ,96.5,70.1,36.8,0.0,9
NCT of Delhi,Delhi,Azadpur,Capsicum,Vegetables,66.4,1000,2500,1700,2025-03-10,FAQ,88.8,63.1,50.2,0.0,8
NCT of Delhi,Delhi,Azadpur,Capsicum,Vegetables,66.4,2000,5000,3150,2024-02-23,FAQ,74.3,50.0,51.3,0.0,8
NCT of Delhi,Delhi,Azadpur,Capsicum,Vegetables,66.7,1000,1500,1250,2024-05-07,FAQ,106.6,78.0,33.2,0.0,9
NCT of Delhi,Delhi,Azadpur,Capsicum,Vegetables,66.8,1000,2000,1450,2025-05-15,FAQ,105.8,80.2,31.7,0.0,10
NCT of Delhi,Delhi,Azadpur,Capsicum,Vegetables,66.9,1000,2500,1800,2025-05-29,FAQ,100.6,85.1,57.2,0.0,9
NCT of Delhi,Delhi,Azadpur,Capsicum,Vegetables,67.0,2400,7500,5500,2024-10-30,FAQ,95.0,71.6,61.4,0.0,7
NCT of Delhi,Delhi,Azadpur,Capsicum,Vegetables,67.2,700,1500,1000,2024-05-13,FAQ,104.0,82.3,34.6,0.0,9
NCT of Delhi,Delhi,Azadpur,Capsicum,Vegetables,67.2,2000,3000,2500,2025-01-11,FAQ,61.2,47.4,93.3,0.026,6
NCT of Delhi,Delhi,Azadpur,Capsicum,Vegetables,67.5,1000,2000,1500,2025-05-21,FAQ,104.0,74.1,56.6,0.054,9
NCT of Delhi,Delhi,Azadpur,Capsicum,Vegetables,67.6,540,1500,950,2023-05-26,FAQ,91.9,73.0,52.7,0.0,10
NCT of Delhi,Delhi,Azadpur,Capsicum,Vegetables,67.6,1000,3000,2100,2023-11-30,FAQ,75.7,58.9,82.6,0.0,6
NCT of Delhi,Delhi,Azadpur,Capsicum,Vegetables,67.6,2000,5000,3750,2024-03-23,FAQ,91.4,65.9,51.2,0.0,9
NCT of Delhi,Delhi,Azadpur,Capsicum,Vegetables,68.0,1000,2500,1750,2023-06-10,FAQ,105.8,83.0,39.5,0.0,9
NCT of Delhi,Delhi,Azadpur,Capsicum,Vegetables,68.1,1000,3000,2000,2023-06-13,FAQ,106.2,88.0,39.8,0.0,9
NCT of Delhi,Delhi,Azadpur,Capsicum,Vegetables,68.1,2000,3000,2550,2025-01-07,FAQ,59.0,49.0,92.9,0.0,6
NCT of Delhi,Delhi,Azadpur,Capsicum,Vegetables,68.4,4000,7000,5750,2024-09-27,FAQ,91.6,78.8,75.6,0.0,5
NCT of Delhi,Delhi,Azadpur,Capsicum,Vegetables,68.5,700,1500,1000,2024-05-14,FAQ,104.3,77.3,30.1,0.0,10
NCT of Delhi,Delhi,Azadpur,Capsicum,Vegetables,68.6,200,800,500,2023-05-18,FAQ,96.8,75.2,51.0,0.341,10
NCT of Delhi,Delhi,Azadpur,Capsicum,Vegetables,68.7,1000,2500,2000,2025-04-05,FAQ,95.0,68.0,32.4,0.0,10
NCT of Delhi,Delhi,Azadpur,Capsicum,Vegetables,68.9,700,1500,1050,2024-06-01,FAQ,110.6,89.0,27.4,0.0,9
NCT of Delhi,Delhi,Azadpur,Capsicum,Vegetables,69.0,300,1500,850,2023-04-22,FAQ,95.9,72.8,29.2,0.0,10
NCT of Delhi,Delhi,Azadpur,Capsicum,Vegetables,69.1,2000,5000,3350,2024-03-04,FAQ,74.8,53.2,46.9,0.0,9
NCT of Delhi,Delhi,Azadpur,Capsicum,Vegetables,69.1,2000,6000,4350,2024-08-23,FAQ,87.8,80.6,87.0,0.0,7
NCT of Delhi,Delhi,Azadpur,Capsicum,Vegetables,69.3,100,600,350,2023-05-12,FAQ,105.8,73.1,28.0,0.0,10
NCT of Delhi,Delhi,Azadpur,Capsicum,Vegetables,69.4,2000,6000,4250,2023-03-11,FAQ,88.8,64.4,53.1,0.0,9
NCT of Delhi,Delhi,Azadpur,Capsicum,Vegetables,69.5,500,2500,1500,2023-06-27,FAQ,92.0,78.8,86.9,0.173,7
NCT of Delhi,Delhi,Azadpur,Capsicum,Vegetables,69.5,2000,4000,3000,2023-10-24,FAQ,87.0,65.4,56.4,0.0,7
NCT of Delhi,Delhi,Azadpur,Capsicum,Vegetables,69.7,1000,2000,1350,2025-05-02,FAQ,87.8,67.0,70.6,0.276,9
NCT of Delhi,Delhi,Azadpur,Capsicum,Vegetables,69.7,1000,3000,2000,2023-06-12,FAQ,104.0,84.2,45.2,0.0,9
NCT of Delhi,Delhi,Azadpur,Capsicum,Vegetables,70.0,1500,2500,2100,2025-01-25,FAQ,72.8,48.2,60.4,0.0,7
NCT of Delhi,Delhi,Azadpur,Capsicum,Vegetables,70.0,2000,4000,3000,2023-10-25,FAQ,86.0,64.2,57.9,0.0,8
NCT of Delhi,Delhi,Azadpur,Capsicum,Vegetables,70.1,400,1000,750,2023-05-24,FAQ,91.4,78.8,46.4,0.0,9
NCT of Delhi,Delhi,Azadpur,Capsicum,Vegetables,70.1,2000,3000,2500,2025-01-14,FAQ,67.0,49.8,87.4,0.0,7
NCT of Delhi,Delhi,Azadpur,Capsicum,Vegetables,70.2,700,1500,1000,2024-06-04,FAQ,111.2,87.8,32.4,0.0,10
NCT of Delhi,Delhi,Azadpur,Capsicum,Vegetables,70.2,1000,1800,1300,2025-03-22,FAQ,87.8,64.4,49.5,0.0,9
NCT of Delhi,Delhi,Azadpur,Capsicum,Vegetables,71.0,1500,4000,3050,2024-12-18,FAQ,68.0,46.4,78.7,0.0,6
NCT of Delhi,Delhi,Azadpur,Capsicum,Vegetables,71.2,2400,7000,5500,2024-11-05,FAQ,88.4,65.1,64.5,0.0,7
NCT of Delhi,Delhi,Azadpur,Capsicum,Vegetables,71.4,2000,5000,3500,2025-06-27,FAQ,100.0,86.0,63.2,0.0,8
NCT of Delhi,Delhi,Azadpur,Capsicum,Vegetables,71.7,1500,3000,2200,2024-01-09,FAQ,55.4,49.2,90.8,0.0,6
NCT of Delhi,Delhi,Azadpur,Capsicum,Vegetables,71.9,2000,6000,4200,2024-10-04,FAQ,95.4,78.6,66.1,0.0,8
NCT of Delhi,Delhi,Azadpur,Capsicum,Vegetables,71.9,2400,7500,5500,2024-10-29,FAQ,94.3,71.1,67.3,0.0,7
NCT of Delhi,Delhi,Azadpur,Capsicum,Vegetables,72.0,1500,3500,2400,2025-01-31,FAQ,77.7,52.7,81.4,0.0,7
NCT of Delhi,Delhi,Azadpur,Capsicum,Vegetables,72.1,1000,2000,1500,2025-05-28,FAQ,100.4,84.1,61.5,0.0,9
NCT of Delhi,Delhi,Azadpur,Capsicum,Vegetables,72.1,1000,3000,2050,2023-12-21,FAQ,71.6,46.4,75.2,0.0,6
NCT of Delhi,Delhi,Azadpur,Capsicum,Vegetables,72.1,1000,3000,2250,2024-12-03,FAQ,80.6,53.2,66.7,0.0,6
NCT of Delhi,Delhi,Azadpur,Capsicum,Vegetables,72.1,2000,5000,3650,2024-08-09,FAQ,93.1,80.6,89.1,0.74,5
NCT of Delhi,Delhi,Azadpur,Capsicum,Vegetables,72.1,3000,7000,4900,2023-10-04,FAQ,93.2,69.6,54.3,0.0,8
NCT of Delhi,Delhi,Azadpur,Capsicum,Vegetables,72.5,1500,3000,2250,2024-01-30,FAQ,67.1,50.0,92.3,0.0,7
NCT of Delhi,Delhi,Azadpur,Capsicum,Vegetables,72.5,2000,5000,3750,2023-03-28,FAQ,86.2,63.6,52.7,0.0,9
NCT of Delhi,Delhi,Azadpur,Capsicum,Vegetables,72.6,2000,5000,3850,2024-08-17,FAQ,93.2,82.4,83.8,0.06,6
NCT of Delhi,Delhi,Azadpur,Capsicum,Vegetables,72.7,4000,12000,8000,2023-07-26,FAQ,86.7,77.0,92.1,1.263,4
NCT of Delhi,Delhi,Azadpur,Capsicum,Vegetables,72.8,2400,6500,4950,2024-11-07,FAQ,87.7,67.0,68.6,0.0,6
NCT of Delhi,Delhi,Azadpur,Capsicum,Vegetables,72.9,700,1500,1000,2024-05-31,FAQ,114.8,85.7,24.9,0.0,10
NCT of Delhi,Delhi,Azadpur,Capsicum,Vegetables,72.9,1000,1500,1250,2024-05-06,FAQ,104.2,78.7,27.9,0.0,10
NCT of Delhi,Delhi,Azadpur,Capsicum,Vegetables,72.9,1500,4000,3000,2024-12-23,FAQ,64.5,50.3,78.4,0.011,4
NCT of Delhi,Delhi,Azadpur,Capsicum,Vegetables,72.9,2500,8000,6200,2024-10-21,FAQ,92.4,71.1,69.4,0.0,7
NCT of Delhi,Delhi,Azadpur,Capsicum,Vegetables,73.1,1000,1800,1400,2025-03-24,FAQ,94.7,62.5,43.1,0.0,9
NCT of Delhi,Delhi,Azadpur,Capsicum,Vegetables,73.2,700,1500,1000,2024-05-27,FAQ,113.0,86.5,25.0,0.0,10
NCT of Delhi,Delhi,Azadpur,Capsicum,Vegetables,73.2,1000,2500,1700,2025-03-07,FAQ,83.3,53.2,50.5,0.0,9
NCT of Delhi,Delhi,Azadpur,Capsicum,Vegetables,73.6,2000,5000,3250,2025-07-01,FAQ,93.1,78.7,79.4,0.082,9
NCT of Delhi,Delhi,Azadpur,Capsicum,Vegetables,73.9,1500,3000,2250,2025-06-17,FAQ,95.0,77.0,81.1,1.173,8
NCT of Delhi,Delhi,Azadpur,Capsicum,Vegetables,73.9,1500,3500,2400,2025-02-01,FAQ,75.6,51.8,86.7,0.0,7
NCT of Delhi,Delhi,Azadpur,Capsicum,Vegetables,73.9,2000,3000,2550,2023-11-02,FAQ,85.3,65.3,71.9,0.0,7
NCT of Delhi,Delhi,Azadpur,Capsicum,Vegetables,73.9,4000,6000,5050,2024-09-17,FAQ,92.7,78.8,78.1,0.0,7
NCT of Delhi,Delhi,Azadpur,Capsicum,Vegetables,74.0,1000,2500,1750,2023-06-08,FAQ,102.2,78.7,35.2,0.0,9
NCT of Delhi,Delhi,Azadpur,Capsicum,Vegetables,74.2,1000,2000,1500,2025-03-28,FAQ,88.8,67.9,33.9,0.0,10
NCT of Delhi,Delhi,Azadpur,Capsicum,Vegetables,74.2,2000,5000,3750,2024-04-15,FAQ,93.2,73.5,53.9,0.0,7
NCT of Delhi,Delhi,Azadpur,Capsicum,Vegetables,74.3,200,800,450,2023-04-25,FAQ,93.2,71.1,36.4,0.0,10
NCT of Delhi,Delhi,Azadpur,Capsicum,Vegetables,74.5,1000,2000,1500,2025-04-12,FAQ,92.8,68.0,52.6,0.0,9
NCT of Delhi,Delhi,Azadpur,Capsicum,Vegetables,74.5,3000,7000,5000,2023-08-09,FAQ,92.2,82.5,69.7,0.0,8
NCT of Delhi,Delhi,Azadpur,Capsicum,Vegetables,74.6,2000,3000,2500,2025-01-15,FAQ,62.6,45.4,93.2,0.003,5
NCT of Delhi,Delhi,Azadpur,Capsicum,Vegetables,74.7,1000,1800,1350,2024-05-04,FAQ,104.0,76.5,24.1,0.0,10
NCT of Delhi,Delhi,Azadpur,Capsicum,Vegetables,74.7,1500,2500,2000,2024-01-01,FAQ,61.0,50.5,81.7,0.0,6
NCT of Delhi,Delhi,Azadpur,Capsicum,Vegetables,74.8,2000,3200,2600,2025-01-17,FAQ,61.9,49.7,90.9,0.0,7
NCT of Delhi,Delhi,Azadpur,Capsicum,Vegetables,75.3,1000,2000,1700,2023-12-15,FAQ,75.0,46.1,66.2,0.0,6
NCT of Delhi,Delhi,Azadpur,Capsicum,Vegetables,75.3,2000,4500,3200,2024-03-05,FAQ,72.7,51.8,49.7,0.0,9
NCT of Delhi,Delhi,Azadpur,Capsicum,Vegetables,75.3,3500,7000,5000,2023-08-17,FAQ,96.6,84.2,63.8,0.0,9
NCT of Delhi,Delhi,Azadpur,Capsicum,Vegetables,75.5,200,800,500,2023-04-18,FAQ,102.2,76.0,31.8,0.0,9
NCT of Delhi,Delhi,Azadpur,Capsicum,Vegetables,75.5,2000,5000,3750,2023-03-27,FAQ,82.3,64.4,58.9,0.0,9
NCT of Delhi,Delhi,Azadpur,Capsicum,Vegetables,76.0,4000,6000,5150,2024-09-07,FAQ,91.3,78.8,88.7,0.091,6
NCT of Delhi,Delhi,Azadpur,Capsicum,Vegetables,76.1,1500,3000,2250,2024-01-25,FAQ,65.2,44.6,87.1,0.0,7
NCT of Delhi,Delhi,Azadpur,Capsicum,Vegetables,76.3,1000,2000,1300,2023-11-16,FAQ,79.5,56.6,76.1,0.0,7
NCT of Delhi,Delhi,Azadpur,Capsicum,Vegetables,76.3,2000,3200,2600,2025-01-23,FAQ,74.7,53.6,71.2,0.017,7
NCT of Delhi,Delhi,Azadpur,Capsicum,Vegetables,76.5,1000,2500,1750,2023-06-06,FAQ,100.4,75.2,48.2,0.014,9
NCT of Delhi,Delhi,Azadpur,Capsicum,Vegetables,76.5,2000,4000,3000,2024-08-01,FAQ,90.6,77.0,85.7,0.502,5
NCT of Delhi,Delhi,Azadpur,Capsicum,Vegetables,76.6,1000,2000,1600,2023-11-11,FAQ,77.9,60.2,76.0,0.0,7
NCT of Delhi,Delhi,Azadpur,Capsicum,Vegetables,76.6,2000,5000,3200,2024-02-29,FAQ,78.8,53.6,59.5,0.0,8
NCT of Delhi,Delhi,Azadpur,Capsicum,Vegetables,76.7,700,1500,1000,2024-05-10,FAQ,100.6,82.4,49.0,0.0,10
NCT of Delhi,Delhi,Azadpur,Capsicum,Vegetables,76.7,4000,6000,5250,2024-09-14,FAQ,88.1,73.0,88.6,1.782,6
NCT of Delhi,Delhi,Azadpur,Capsicum,Vegetables,76.9,1500,2500,2000,2025-06-13,FAQ,103.9,90.3,54.2,0.0,9
NCT of Delhi,Delhi,Azadpur,Capsicum,Vegetables,76.9,2000,5000,3650,2024-04-03,FAQ,96.8,66.8,34.3,0.0,9
NCT of Delhi,Delhi,Azadpur,Capsicum,Vegetables,77.0,700,1500,1000,2024-05-22,FAQ,107.1,88.2,44.1,0.0,10
NCT of Delhi,Delhi,Azadpur,Capsicum,Vegetables,77.5,1500,4500,2800,2024-02-19,FAQ,81.3,60.2,56.9,0.0,8
NCT of Delhi,Delhi,Azadpur,Capsicum,Vegetables,77.6,2000,5000,4200,2024-04-30,FAQ,96.8,73.4,30.2,0.0,10
NCT of Delhi,Delhi,Azadpur,Capsicum,Vegetables,77.7,3000,8000,6000,2023-08-01,FAQ,95.7,82.4,74.7,0.0,8
NCT of Delhi,Delhi,Azadpur,Capsicum,Vegetables,78.0,2000,5000,3750,2024-03-26,FAQ,93.2,66.2,50.8,0.0,9
NCT of Delhi,Delhi,Azadpur,Capsicum,Vegetables,78.0,2000,6000,4900,2024-09-03,FAQ,95.3,82.4,79.1,0.0,7
NCT of Delhi,Delhi,Azadpur,Capsicum,Vegetables,78.3,700,1500,1050,2024-06-12,FAQ,111.4,86.6,24.1,0.0,10
NCT of Delhi,Delhi,Azadpur,Capsicum,Vegetables,78.4,2000,6000,4250,2023-07-07,FAQ,91.9,80.6,84.6,0.0,6
NCT of Delhi,Delhi,Azadpur,Capsicum,Vegetables,78.4,3000,6000,4600,2023-10-17,FAQ,77.7,66.1,77.2,0.152,7
NCT of Delhi,Delhi,Azadpur,Capsicum,Vegetables,78.5,100,600,350,2023-05-01,FAQ,76.9,68.0,89.7,0.477,7
NCT of Delhi,Delhi,Azadpur,Capsicum,Vegetables,78.5,2500,7000,5250,2024-10-17,FAQ,95.0,71.0,55.6,0.0,8
NCT of Delhi,Delhi,Azadpur,Capsicum,Vegetables,78.5,2500,8000,6200,2024-10-23,FAQ,90.3,70.8,67.0,0.0,7
NCT of Delhi,Delhi,Azadpur,Capsicum,Vegetables,78.6,700,1500,1150,2024-06-08,FAQ,105.8,86.8,29.5,0.0,9
NCT of Delhi,Delhi,Azadpur,Capsicum,Vegetables,78.7,200,800,500,2023-05-03,FAQ,85.6,67.4,85.5,1.084,8
NCT of Delhi,Delhi,Azadpur,Capsicum,Vegetables,78.7,200,1000,550,2023-04-24,FAQ,91.9,71.6,35.1,0.0,9
NCT of Delhi,Delhi,Azadpur,Capsicum,Vegetables,78.8,1500,2500,2000,2025-06-12,FAQ,109.4,87.7,49.8,0.0,10
NCT of Delhi,Delhi,Azadpur,Capsicum,Vegetables,78.9,100,600,350,2023-05-09,FAQ,98.6,72.4,36.0,0.0,10
NCT of Delhi,Delhi,Azadpur,Capsicum,Vegetables,78.9,2000,3000,2500,2025-01-10,FAQ,62.6,48.2,90.4,0.0,7
NCT of Delhi,Delhi,Azadpur,Capsicum,Vegetables,78.9,3000,10000,7000,2023-08-03,FAQ,95.0,80.9,81.3,0.297,8
NCT of Delhi,Delhi,Azadpur,Capsicum,Vegetables,79.0,700,1500,950,2024-06-06,FAQ,105.3,80.0,39.5,0.034,10
NCT of Delhi,Delhi,Azadpur,Capsicum,Vegetables,79.1,400,1000,750,2023-05-22,FAQ,111.2,83.0,26.8,0.0,9
NCT of Delhi,Delhi,Azadpur,Capsicum,Vegetables,79.1,3000,5000,4250,2023-10-10,FAQ,95.0,76.6,52.8,0.0,8
NCT of Delhi,Delhi,Azadpur,Capsicum,Vegetables,79.2,1500,4000,2700,2024-02-03,FAQ,71.2,44.6,74.5,0.0,7
NCT of Delhi,Delhi,Azadpur,Capsicum,Vegetables,79.5,4000,6000,5250,2024-09-13,FAQ,80.6,73.3,98.2,1.5,3
NCT of Delhi,Delhi,Azadpur,Capsicum,Vegetables,79.8,1200,7000,5000,2024-10-14,FAQ,92.3,69.6,52.7,0.0,8
NCT of Delhi,Delhi,Azadpur,Capsicum,Vegetables,79.9,2000,5000,4200,2024-04-29,FAQ,100.2,75.4,36.0,0.0,9
NCT of Delhi,Delhi,Azadpur,Capsicum,Vegetables,80.2,100,600,350,2023-05-13,FAQ,104.2,77.0,31.8,0.0,10
NCT of Delhi,Delhi,Azadpur,Capsicum,Vegetables,80.2,2000,3200,2600,2025-01-24,FAQ,72.9,50.0,67.2,0.0,7
NCT of Delhi,Delhi,Azadpur,Capsicum,Vegetables,80.4,1000,3000,2250,2024-12-02,FAQ,78.8,53.7,67.9,0.0,6
NCT of Delhi,Delhi,Azadpur,Capsicum,Vegetables,80.4,1500,2500,2000,2025-06-16,FAQ,92.5,86.0,65.4,0.0,9
NCT of Delhi,Delhi,Azadpur,Capsicum,Vegetables,80.7,2400,6500,5000,2024-11-09,FAQ,88.5,67.4,70.7,0.0,6
NCT of Delhi,Delhi,Azadpur,Capsicum,Vegetables,80.8,1500,3500,2400,2025-02-07,FAQ,72.8,46.4,54.6,0.0,8
NCT of Delhi,Delhi,Azadpur,Capsicum,Vegetables,80.9,1500,4000,2300,2024-02-13,FAQ,71.6,50.8,80.5,0.0,7
NCT of Delhi,Delhi,Azadpur,Capsicum,Vegetables,81.0,800,2500,1850,2023-02-07,FAQ,76.7,55.4,70.0,0.0,7
NCT of Delhi,Delhi,Azadpur,Capsicum,Vegetables,81.2,4000,10000,7500,2023-07-31,FAQ,93.8,82.4,78.3,0.0,8
NCT of Delhi,Delhi,Azadpur,Capsicum,Vegetables,81.4,700,1500,1000,2024-05-16,FAQ,107.6,80.5,29.7,0.0,10
NCT of Delhi,Delhi,Azadpur,Capsicum,Vegetables,81.6,1500,3000,2250,2025-06-20,FAQ,93.1,82.0,75.7,0.0,7
NCT of Delhi,Delhi,Azadpur,Capsicum,Vegetables,81.9,700,1500,1000,2024-05-24,FAQ,105.2,87.8,43.8,0.0,9
NCT of Delhi,Delhi,Azadpur,Capsicum,Vegetables,82.2,2000,3000,2550,2025-01-06,FAQ,60.4,50.6,90.6,0.005,5
NCT of Delhi,Delhi,Azadpur,Capsicum,Vegetables,82.2,4000,7000,6000,2024-09-28,FAQ,90.8,75.2,77.7,0.0,6
NCT of Delhi,Delhi,Azadpur,Capsicum,Vegetables,82.2,4000,8000,6500,2024-09-25,FAQ,97.6,82.4,77.6,0.0,6
NCT of Delhi,Delhi,Azadpur,Capsicum,Vegetables,82.3,2000,5000,4150,2024-04-18,FAQ,100.4,73.4,26.7,0.0,10
NCT of Delhi,Delhi,Azadpur,Capsicum,Vegetables,82.4,4000,6000,4850,2024-09-19,FAQ,87.5,73.4,88.8,0.104,7
NCT of Delhi,Delhi,Azadpur,Capsicum,Vegetables,82.5,1000,1800,1400,2025-03-25,FAQ,97.7,65.6,38.4,0.0,9
NCT of Delhi,Delhi,Azadpur,Capsicum,Vegetables,82.7,1500,4000,2900,2024-12-30,FAQ,57.1,48.2,92.9,0.0,6
NCT of Delhi,Delhi,Azadpur,Capsicum,Vegetables,82.7,2400,6500,5000,2024-11-08,FAQ,87.6,67.2,72.0,0.0,6
NCT of Delhi,Delhi,Azadpur,Capsicum,Vegetables,83.0,2000,5000,3750,2024-03-27,FAQ,96.8,71.5,44.3,0.0,9
NCT of Delhi,Delhi,Azadpur,Capsicum,Vegetables,83.1,1500,3000,2150,2025-06-24,FAQ,95.7,84.2,77.3,0.0,8
NCT of Delhi,Delhi,Azadpur,Capsicum,Vegetables,83.2,2000,3000,2500,2025-01-13,FAQ,63.3,50.0,90.5,0.0,7
NCT of Delhi,Delhi,Azadpur,Capsicum,Vegetables,83.3,1200,5000,3450,2024-10-09,FAQ,93.0,73.4,64.6,0.0,8
NCT of Delhi,Delhi,Azadpur,Capsicum,Vegetables,83.3,4000,6000,5300,2024-09-06,FAQ,89.6,78.4,87.4,1.256,6
NCT of Delhi,Delhi,Azadpur,Capsicum,Vegetables,83.4,1000,2500,1750,2023-06-09,FAQ,104.2,83.8,40.9,0.0,9
NCT of Delhi,Delhi,Azadpur,Capsicum,Vegetables,83.5,2000,5000,4000,2024-04-16,FAQ,95.0,77.0,38.9,0.0,10
NCT of Delhi,Delhi,Azadpur,Capsicum,Vegetables,83.6,3000,8000,6000,2023-08-04,FAQ,91.6,80.6,86.8,1.867,5
NCT of Delhi,Delhi,Azadpur,Capsicum,Vegetables,83.7,700,1500,1000,2024-05-18,FAQ,111.2,82.6,26.0,0.0,10
NCT of Delhi,Delhi,Azadpur,Capsicum,Vegetables,83.7,1500,4000,3000,2024-12-24,FAQ,68.4,51.8,80.8,0.073,6
NCT of Delhi,Delhi,Azadpur,Capsicum,Vegetables,83.8,2000,5000,3900,2023-09-30,FAQ,95.3,76.4,62.0,0.0,8
NCT of Delhi,Delhi,Azadpur,Capsicum,Vegetables,84.7,2000,6000,4200,2024-08-24,FAQ,94.3,80.5,82.2,0.0,7
NCT of Delhi,Delhi,Azadpur,Capsicum,Vegetables,85.2,1500,4000,2900,2024-12-27,FAQ,60.8,57.0,94.3,1.754,2
NCT of Delhi,Delhi,Azadpur,Capsicum,Vegetables,85.4,800,2800,2000,2023-02-16,FAQ,81.4,55.0,67.9,0.0,8
NCT of Delhi,Delhi,Azadpur,Capsicum,Vegetables,85.6,1000,2500,2050,2023-11-13,FAQ,80.2,57.7,74.3,0.0,7
NCT of Delhi,Delhi,Azadpur,Capsicum,Vegetables,85.7,2000,5000,3500,2025-06-28,FAQ,96.0,80.6,74.6,0.049,9
NCT of Delhi,Delhi,Azadpur,Capsicum,Vegetables,85.7,2000,5000,4150,2024-04-24,FAQ,98.6,69.0,41.5,0.0,10
NCT of Delhi,Delhi,Azadpur,Capsicum,Vegetables,85.8,1500,3000,2350,2025-02-11,FAQ,82.9,53.0,60.1,0.0,8
NCT of Delhi,Delhi,Azadpur,Capsicum,Vegetables,85.9,1000,3000,2050,2023-12-20,FAQ,69.8,47.1,68.7,0.0,6
NCT of Delhi,Delhi,Azadpur,Capsicum,Vegetables,85.9,2000,5000,3750,2024-03-25,FAQ,90.6,63.4,58.7,0.0,9
NCT of Delhi,Delhi,Azadpur,Capsicum,Vegetables,86.0,1500,3000,2250,2024-01-22,FAQ,62.6,44.6,82.7,0.0,7
NCT of Delhi,Delhi,Azadpur,Capsicum,Vegetables,86.4,1500,2500,2000,2023-12-28,FAQ,67.2,48.7,91.0,0.0,6
NCT of Delhi,Delhi,Azadpur,Capsicum,Vegetables,86.4,1500,3000,2550,2024-01-04,FAQ,52.8,46.4,92.7,0.0,4
NCT of Delhi,Delhi,Azadpur,Capsicum,Vegetables,86.6,200,1000,500,2023-12-09,FAQ,76.1,51.4,69.5,0.0,6
NCT of Delhi,Delhi,Azadpur,Capsicum,Vegetables,86.6,800,2000,1000,2023-04-08,FAQ,91.6,66.2,30.4,0.0,10
NCT of Delhi,Delhi,Azadpur,Capsicum,Vegetables,86.6,4000,8000,6500,2024-09-26,FAQ,93.5,78.8,78.9,0.002,8
NCT of Delhi,Delhi,Azadpur,Capsicum,Vegetables,86.7,2000,5000,3650,2024-08-10,FAQ,88.7,80.6,90.0,0.035,6
NCT of Delhi,Delhi,Azadpur,Capsicum,Vegetables,86.8,1000,2000,1500,2025-03-13,FAQ,91.0,66.2,56.9,0.0,9
NCT of Delhi,Delhi,Azadpur,Capsicum,Vegetables,87.1,1000,2000,1550,2023-11-18,FAQ,80.9,59.0,68.9,0.0,7
NCT of Delhi,Delhi,Azadpur,Capsicum,Vegetables,87.3,1000,2000,1500,2023-06-03,FAQ,96.0,75.9,49.1,0.0,10
NCT of Delhi,Delhi,Azadpur,Capsicum,Vegetables,87.3,1500,3000,2050,2025-03-01,FAQ,81.3,64.4,76.1,0.032,7
NCT of Delhi,Delhi,Azadpur,Capsicum,Vegetables,87.4,1500,3000,2050,2025-03-04,FAQ,79.8,62.1,56.2,0.0,9
NCT of Delhi,Delhi,Azadpur,Capsicum,Vegetables,87.5,3000,8000,6000,2023-08-05,FAQ,91.4,78.8,88.3,0.258,5
NCT of Delhi,Delhi,Azadpur,Capsicum,Vegetables,87.6,1000,2000,1350,2025-05-09,FAQ,96.4,79.9,53.9,0.027,9
NCT of Delhi,Delhi,Azadpur,Capsicum,Vegetables,87.7,2000,5500,4750,2024-09-04,FAQ,89.4,76.7,90.6,0.44,7
NCT of Delhi,Delhi,Azadpur,Capsicum,Vegetables,87.8,1000,2000,1500,2025-05-22,FAQ,93.2,75.5,59.4,0.407,9
NCT of Delhi,Delhi,Azadpur,Capsicum,Vegetables,87.9,200,1000,600,2023-12-06,FAQ,76.4,52.1,72.7,0.0,6
NCT of Delhi,Delhi,Azadpur,Capsicum,Vegetables,88.0,1500,3000,2150,2025-06-19,FAQ,95.6,82.4,72.7,0.0,9
NCT of Delhi,Delhi,Azadpur,Capsicum,Vegetables,88.0,1500,3000,2250,2025-06-18,FAQ,93.2,78.8,80.6,0.0,9
NCT of Delhi,Delhi,Azadpur,Capsicum,Vegetables,88.0,1500,3500,2400,2025-02-03,FAQ,74.1,50.0,72.1,0.0,7
NCT of Delhi,Delhi,Azadpur,Capsicum,Vegetables,88.0,4000,6000,5000,2024-09-10,FAQ,93.8,77.0,88.1,0.263,6
NCT of Delhi,Delhi,Azadpur,Capsicum,Vegetables,88.1,1500,2500,2000,2023-11-07,FAQ,87.7,62.1,63.5,0.0,7
NCT of Delhi,Delhi,Azadpur,Capsicum,Vegetables,88.2,500,1800,1100,2023-06-01,FAQ,88.3,71.3,73.4,0.008,9
NCT of Delhi,Delhi,Azadpur,Capsicum,Vegetables,88.2,2000,6000,4200,2024-08-26,FAQ,93.8,82.4,82.0,0.007,8
NCT of Delhi,Delhi,Azadpur,Capsicum,Vegetables,88.3,700,1500,1000,2024-05-20,FAQ,111.2,86.1,23.3,0.0,10
NCT of Delhi,Delhi,Azadpur,Capsicum,Vegetables,88.5,1500,4500,3250,2023-03-31,FAQ,79.9,62.9,81.2,0.026,8
NCT of Delhi,Delhi,Azadpur,Capsicum,Vegetables,88.6,2000,10000,4667,2023-07-14,FAQ,90.6,80.6,88.9,0.054,5
NCT of Delhi,Delhi,Azadpur,Capsicum,Vegetables,88.9,1000,1800,1300,2025-03-20,FAQ,90.9,62.6,47.7,0.0,9
NCT of Delhi,Delhi,Azadpur,Capsicum,Vegetables,88.9,1500,3000,2150,2024-01-17,FAQ,64.4,42.8,82.7,0.0,7
NCT of Delhi,Delhi,Azadpur,Capsicum,Vegetables,88.9,2000,3000,2500,2025-01-16,FAQ,65.0,51.9,89.2,0.187,6
NCT of Delhi,Delhi,Azadpur,Capsicum,Vegetables,89.0,4000,8000,6750,2024-09-23,FAQ,96.7,80.6,78.6,0.0,8
NCT of Delhi,Delhi,Azadpur,Capsicum,Vegetables,89.3,2000,5000,3650,2024-04-04,FAQ,97.0,71.8,31.4,0.0,9
NCT of Delhi,Delhi,Azadpur,Capsicum,Vegetables,89.6,2000,5000,3550,2023-10-28,FAQ,88.8,62.9,52.3,0.0,7
NCT of Delhi,Delhi,Azadpur,Capsicum,Vegetables,89.8,500,1800,1150,2023-01-07,FAQ,57.7,41.0,89.2,0.0,7
NCT of Delhi,Delhi,Azadpur,Capsicum,Vegetables,89.8,1500,3000,2300,2024-01-03,FAQ,59.1,47.8,87.8,0.0,5
NCT of Delhi,Delhi,Azadpur,Capsicum,Vegetables,89.8,2000,3200,2600,2025-01-22,FAQ,75.6,50.0,76.9,0.0,7
NCT of Delhi,Delhi,Azadpur,Capsicum,Vegetables,89.9,1500,3000,2000,2025-02-17,FAQ,81.6,56.0,60.8,0.0,8
NCT of Delhi,Delhi,Azadpur,Capsicum,Vegetables,90.3,100,600,350,2023-05-11,FAQ,100.4,71.6,29.8,0.0,10
NCT of Delhi,Delhi,Azadpur,Capsicum,Vegetables,90.5,300,1500,900,2023-04-15,FAQ,104.2,73.1,24.8,0.0,10
NCT of Delhi,Delhi,Azadpur,Capsicum,Vegetables,90.7,1500,4000,2550,2024-02-20,FAQ,80.6,60.8,72.4,0.079,7
NCT of Delhi,Delhi,Azadpur,Capsicum,Vegetables,90.8,2000,5000,4000,2024-04-27,FAQ,100.4,76.6,37.7,0.0,9
NCT of Delhi,Delhi,Azadpur,Capsicum,Vegetables,90.9,2000,5000,3550,2023-10-27,FAQ,87.4,62.7,52.2,0.0,8
NCT of Delhi,Delhi,Azadpur,Capsicum,Vegetables,91.2,700,1500,1000,2024-05-21,FAQ,107.6,87.8,40.3,0.0,10
NCT of Delhi,Delhi,Azadpur,Capsicum,Vegetables,91.5,2500,7000,5150,2024-10-16,FAQ,94.4,68.5,55.4,0.0,8
NCT of Delhi,Delhi,Azadpur,Capsicum,Vegetables,91.6,2000,5000,3750,2023-03-22,FAQ,82.4,61.1,74.5,0.0,9
NCT of Delhi,Delhi,Azadpur,Capsicum,Vegetables,91.8,2000,6000,4250,2023-08-14,FAQ,93.6,82.4,70.0,0.0,5
NCT of Delhi,Delhi,Azadpur,Capsicum,Vegetables,92.1,2000,5000,3650,2024-04-10,FAQ,99.2,66.8,28.6,0.0,10
NCT of Delhi,Delhi,Azadpur,Capsicum,Vegetables,92.1,2000,5500,4300,2024-03-20,FAQ,91.4,60.8,49.4,0.0,9
NCT of Delhi,Delhi,Azadpur,Capsicum,Vegetables,92.2,1000,2000,1500,2025-04-11,FAQ,94.4,69.8,58.3,0.035,9
NCT of Delhi,Delhi,Azadpur,Capsicum,Vegetables,92.6,1500,3000,2300,2024-11-29,FAQ,77.2,50.9,64.7,0.0,7
NCT of Delhi,Delhi,Azadpur,Capsicum,Vegetables,92.7,200,800,450,2023-04-26,FAQ,96.7,72.7,35.6,0.0,9
NCT of Delhi,Delhi,Azadpur,Capsicum,Vegetables,92.7,1500,3000,2200,2024-01-12,FAQ,63.8,41.9,83.5,0.0,7
NCT of Delhi,Delhi,Azadpur,Capsicum,Vegetables,93.0,400,1000,750,2023-05-23,FAQ,111.2,89.1,25.1,0.0,10
NCT of Delhi,Delhi,Azadpur,Capsicum,Vegetables,93.3,2000,3200,2600,2025-01-21,FAQ,73.2,51.8,74.6,0.0,7
NCT of Delhi,Delhi,Azadpur,Capsicum,Vegetables,93.5,2000,6000,4150,2024-08-14,FAQ,94.7,82.2,83.8,0.0,6
NCT of Delhi,Delhi,Azadpur,Capsicum,Vegetables,93.8,100,600,350,2023-05-10,FAQ,97.0,75.2,25.0,0.0,10
NCT of Delhi,Delhi,Azadpur,Capsicum,Vegetables,93.9,2000,6000,4500,2024-08-21,FAQ,95.8,80.6,77.2,0.0,8
NCT of Delhi,Delhi,Azadpur,Capsicum,Vegetables,94.0,2500,8000,6200,2024-10-24,FAQ,92.2,68.0,60.3,0.0,7
NCT of Delhi,Delhi,Azadpur,Capsicum,Vegetables,94.1,1000,2000,1300,2023-11-14,FAQ,77.7,57.9,70.6,0.0,6
NCT of Delhi,Delhi,Azadpur,Capsicum,Vegetables,94.2,1500,4000,2900,2024-12-28,FAQ,60.8,55.4,96.2,0.204,2
NCT of Delhi,Delhi,Azadpur,Capsicum,Vegetables,94.5,1000,3000,2250,2023-07-01,FAQ,92.6,78.9,83.4,0.0,8
NCT of Delhi,Delhi,Azadpur,Capsicum,Vegetables,94.7,1500,3000,2050,2025-02-28,FAQ,78.7,66.1,67.8,0.335,6
NCT of Delhi,Delhi,Azadpur,Capsicum,Vegetables,94.8,1000,1800,1300,2025-03-21,FAQ,89.1,60.8,49.6,0.0,9
NCT of Delhi,Delhi,Azadpur,Capsicum,Vegetables,94.8,1500,2500,2100,2023-12-27,FAQ,67.2,50.5,91.9,0.0,6
NCT of Delhi,Delhi,Azadpur,Capsicum,Vegetables,94.9,1500,3000,2000,2025-02-22,FAQ,74.5,53.6,75.1,0.0,8
NCT of Delhi,Delhi,Azadpur,Capsicum,Vegetables,94.9,4000,6000,5300,2024-09-11,FAQ,89.6,78.8,87.0,0.072,5
NCT of Delhi,Delhi,Azadpur,Capsicum,Vegetables,95.0,1500,5000,3600,2024-10-07,FAQ,94.6,75.2,66.3,0.0,8
NCT of Delhi,Delhi,Azadpur,Capsicum,Vegetables,95.2,1500,2500,2100,2024-12-09,FAQ,69.1,49.8,69.8,0.0,6
NCT of Delhi,Delhi,Azadpur,Capsicum,Vegetables,95.2,4000,10000,7500,2023-07-24,FAQ,98.6,84.2,70.6,0.0,7
NCT of Delhi,Delhi,Azadpur,Capsicum,Vegetables,95.3,800,2500,1850,2023-01-20,FAQ,72.7,51.8,62.1,0.0,6
NCT of Delhi,Delhi,Azadpur,Capsicum,Vegetables,95.4,1500,4000,2400,2024-02-15,FAQ,76.6,51.3,71.0,0.0,8
NCT of Delhi,Delhi,Azadpur,Capsicum,Vegetables,95.4,1500,4000,3050,2024-12-17,FAQ,73.1,44.6,70.8,0.0,6
NCT of Delhi,Delhi,Azadpur,Capsicum,Vegetables,95.7,3000,7000,4900,2023-10-05,FAQ,94.0,69.8,53.8,0.0,8
NCT of Delhi,Delhi,Azadpur,Capsicum,Vegetables,95.9,2300,6000,4100,2024-11-19,FAQ,75.1,57.1,70.9,0.0,7
NCT of Delhi,Delhi,Azadpur,Capsicum,Vegetables,96.1,500,2500,1500,2023-06-28,FAQ,94.8,80.6,85.0,0.076,6
NCT of Delhi,Delhi,Azadpur,Capsicum,Vegetables,96.4,500,1500,950,2023-05-25,FAQ,95.6,71.6,53.4,0.187,9
NCT of Delhi,Delhi,Azadpur,Capsicum,Vegetables,96.6,800,2500,1850,2023-02-13,FAQ,71.7,48.2,41.8,0.0,8
NCT of Delhi,Delhi,Azadpur,Capsicum,Vegetables,96.6,2000,4000,3000,2023-09-04,FAQ,96.9,81.3,58.2,0.0,9
NCT of Delhi,Delhi,Azadpur,Capsicum,Vegetables,96.6,2000,5000,3650,2024-03-22,FAQ,91.4,66.2,58.9,0.0,9
NCT of Delhi,Delhi,Azadpur,Capsicum,Vegetables,96.7,2000,5000,3750,2023-03-23,FAQ,85.3,62.6,61.3,0.0,9
NCT of Delhi,Delhi,Azadpur,Capsicum,Vegetables,97.3,200,800,500,2023-05-16,FAQ,102.2,82.4,30.5,0.0,10
NCT of Delhi,Delhi,Azadpur,Capsicum,Vegetables,97.3,1500,3500,2400,2025-02-04,FAQ,77.0,57.2,66.3,0.007,5
NCT of Delhi,Delhi,Azadpur,Capsicum,Vegetables,97.3,2000,5000,4150,2024-04-25,FAQ,102.2,71.4,31.3,0.0,10
NCT of Delhi,Delhi,Azadpur,Capsicum,Vegetables,98.8,1000,1800,1500,2024-05-02,FAQ,95.4,68.7,25.1,0.0,10
NCT of Delhi,Delhi,Azadpur,Capsicum,Vegetables,98.8,1000,2500,1750,2023-12-18,FAQ,70.7,47.7,71.5,0.0,6
NCT of Delhi,Delhi,Azadpur,Capsicum,Vegetables,99.0,1500,3000,2250,2024-01-20,FAQ,62.6,45.5,82.3,0.0,6
NCT of Delhi,Delhi,Azadpur,Capsicum,Vegetables,99.0,1500,3000,2300,2024-11-26,FAQ,78.6,56.4,66.0,0.0,7
NCT of Delhi,Delhi,Azadpur,Capsicum,Vegetables,99.2,2000,5000,3300,2024-03-09,FAQ,78.8,53.6,53.4,0.0,9
NCT of Delhi,Delhi,Azadpur,Capsicum,Vegetables,99.4,2000,5000,3750,2024-08-03,FAQ,93.6,82.4,81.5,0.015,7
NCT of Delhi,Delhi,Azadpur,Capsicum,Vegetables,99.5,1000,3000,2100,2023-12-02,FAQ,74.7,57.2,83.6,0.0,6
NCT of Delhi,Delhi,Azadpur,Capsicum,Vegetables,99.7,4000,6000,5100,2024-09-21,FAQ,94.4,78.8,75.8,0.0,7
NCT of Delhi,Delhi,Azadpur,Capsicum,Vegetables,100.0,1500,3000,2250,2024-01-27,FAQ,74.1,43.6,68.3,0.0,7
NCT of Delhi,Delhi,Azadpur,Capsicum,Vegetables,100.0,2000,6000,4500,2024-08-29,FAQ,84.2,77.0,95.6,3.242,7
NCT of Delhi,Delhi,Azadpur,Capsicum,Vegetables,100.0,3500,6500,5000,2023-08-18,FAQ,97.2,84.2,64.0,0.0,8
NCT of Delhi,Delhi,Azadpur,Capsicum,Vegetables,100.2,2000,4500,3500,2023-03-29,FAQ,90.6,65.2,53.5,0.308,9
NCT of Delhi,Delhi,Azadpur,Capsicum,Vegetables,100.3,1000,3000,1900,2023-11-24,FAQ,79.0,53.6,70.1,0.0,7
NCT of Delhi,Delhi,Azadpur,Capsicum,Vegetables,100.3,1500,3000,2150,2024-01-31,FAQ,60.8,48.5,96.2,0.366,6
NCT of Delhi,Delhi,Azadpur,Capsicum,Vegetables,100.5,1500,2500,2000,2025-06-14,FAQ,107.6,87.8,55.2,0.0,9
NCT of Delhi,Delhi,Azadpur,Capsicum,Vegetables,100.6,1500,3000,2250,2024-01-15,FAQ,63.8,41.0,80.7,0.0,7
NCT of Delhi,Delhi,Azadpur,Capsicum,Vegetables,100.6,1500,4000,3050,2024-12-19,FAQ,71.7,43.1,73.6,0.0,6
NCT of Delhi,Delhi,Azadpur,Capsicum,Vegetables,100.7,200,1000,600,2023-04-17,FAQ,104.0,74.9,30.1,0.0,9
NCT of Delhi,Delhi,Azadpur,Capsicum,Vegetables,101.1,2000,6000,3750,2023-11-09,FAQ,86.0,62.9,66.4,0.0,7
NCT of Delhi,Delhi,Azadpur,Capsicum,Vegetables,101.2,200,800,500,2023-05-17,FAQ,104.4,81.1,33.4,0.0,9
NCT of Delhi,Delhi,Azadpur,Capsicum,Vegetables,101.2,1500,5000,3600,2024-10-08,FAQ,94.4,73.4,64.2,0.0,7
NCT of Delhi,Delhi,Azadpur,Capsicum,Vegetables,101.3,1500,3000,2000,2025-02-15,FAQ,79.5,53.6,52.7,0.0,7
NCT of Delhi,Delhi,Azadpur,Capsicum,Vegetables,101.4,1500,2500,1950,2023-11-04,FAQ,83.3,65.1,75.8,0.0,7
NCT of Delhi,Delhi,Azadpur,Capsicum,Vegetables,101.4,2000,4500,3300,2024-03-07,FAQ,77.5,52.7,51.3,0.0,9
NCT of Delhi,Delhi,Azadpur,Capsicum,Vegetables,101.7,2000,5000,3700,2023-10-11,FAQ,94.1,72.4,55.9,0.0,8
NCT of Delhi,Delhi,Azadpur,Capsicum,Vegetables,101.9,1500,4000,2550,2024-02-12,FAQ,72.0,49.2,79.1,0.0,8
NCT of Delhi,Delhi,Azadpur,Capsicum,Vegetables,101.9,1500,4000,2550,2024-02-17,FAQ,77.9,49.4,62.1,0.0,8
NCT of Delhi,Delhi,Azadpur,Capsicum,Vegetables,102.0,1500,3000,2250,2024-01-18,FAQ,64.4,44.6,86.7,0.0,7
NCT of Delhi,Delhi,Azadpur,Capsicum,Vegetables,102.1,1500,4000,3000,2024-12-21,FAQ,72.4,47.4,74.0,0.0,6
NCT of Delhi,Delhi,Azadpur,Capsicum,Vegetables,102.2,1500,2500,2100,2023-12-30,FAQ,66.9,55.1,90.0,0.0,4
NCT of Delhi,Delhi,Azadpur,Capsicum,Vegetables,102.2,2400,7500,5800,2024-10-26,FAQ,91.4,67.7,58.3,0.0,7
NCT of Delhi,Delhi,Azadpur,Capsicum,Vegetables,103.5,2300,6000,3950,2024-11-13,FAQ,80.0,64.4,84.3,0.0,6
NCT of Delhi,Delhi,Azadpur,Capsicum,Vegetables,103.6,1000,2000,1300,2023-11-15,FAQ,79.6,55.6,70.2,0.0,7
NCT of Delhi,Delhi,Azadpur,Capsicum,Vegetables,103.9,500,1800,1150,2023-01-03,FAQ,59.6,46.2,85.6,0.0,6
NCT of Delhi,Delhi,Azadpur,Capsicum,Vegetables,104.9,1500,4000,2300,2024-02-09,FAQ,72.9,48.2,57.9,0.0,8
NCT of Delhi,Delhi,Azadpur,Capsicum,Vegetables,105.2,2000,5000,4050,2024-08-20,FAQ,90.0,77.7,86.5,0.039,5
NCT of Delhi,Delhi,Azadpur,Capsicum,Vegetables,105.2,2000,5000,4200,2024-05-01,FAQ,91.3,71.5,20.8,0.0,10
NCT of Delhi,Delhi,Azadpur,Capsicum,Vegetables,105.4,500,2000,1400,2023-01-04,FAQ,59.0,44.3,90.1,0.0,6
NCT of Delhi,Delhi,Azadpur,Capsicum,Vegetables,105.5,500,1800,1150,2023-01-02,FAQ,62.6,48.2,87.9,0.0,6
NCT of Delhi,Delhi,Azadpur,Capsicum,Vegetables,105.7,1000,3000,2250,2024-12-04,FAQ,78.8,55.4,58.4,0.0,6
NCT of Delhi,Delhi,Azadpur,Capsicum,Vegetables,105.7,1500,4000,2700,2024-02-06,FAQ,67.2,48.2,72.9,0.0,8
NCT of Delhi,Delhi,Azadpur,Capsicum,Vegetables,106.0,2000,5000,3500,2024-04-09,FAQ,98.6,68.3,26.4,0.0,9
NCT of Delhi,Delhi,Azadpur,Capsicum,Vegetables,106.2,500,2500,1500,2023-06-30,FAQ,89.6,77.0,90.7,0.933,8
NCT of Delhi,Delhi,Azadpur,Capsicum,Vegetables,106.6,1500,3000,2300,2024-12-10,FAQ,71.4,47.2,62.0,0.0,6
NCT of Delhi,Delhi,Azadpur,Capsicum,Vegetables,106.9,2000,5000,3600,2024-08-02,FAQ,90.5,81.5,86.3,0.117,7
NCT of Delhi,Delhi,Azadpur,Capsicum,Vegetables,106.9,2500,5000,4400,2023-09-25,FAQ,94.1,77.0,72.4,0.0,8
NCT of Delhi,Delhi,Azadpur,Capsicum,Vegetables,107.0,2300,6000,4350,2024-11-20,FAQ,76.9,55.3,64.2,0.0,7
NCT of Delhi,Delhi,Azadpur,Capsicum,Vegetables,107.0,2400,7500,5800,2024-10-25,FAQ,91.4,68.0,61.8,0.0,7
NCT of Delhi,Delhi,Azadpur,Capsicum,Vegetables,107.3,500,1800,1500,2023-01-09,FAQ,63.9,43.6,91.8,0.0,6
NCT of Delhi,Delhi,Azadpur,Capsicum,Vegetables,107.4,1000,2500,1750,2023-06-05,FAQ,98.9,78.6,52.7,0.0,9
NCT of Delhi,Delhi,Azadpur,Capsicum,Vegetables,107.6,1500,3200,2650,2024-12-12,FAQ,70.8,42.3,56.7,0.0,7
NCT of Delhi,Delhi,Azadpur,Capsicum,Vegetables,108.1,1500,3500,2400,2025-03-06,FAQ,80.9,48.2,41.8,0.0,9
NCT of Delhi,Delhi,Azadpur,Capsicum,Vegetables,108.2,1500,3500,2750,2024-12-16,FAQ,72.9,42.2,68.5,0.0,6
NCT of Delhi,Delhi,Azadpur,Capsicum,Vegetables,108.2,4000,6000,5250,2024-09-16,FAQ,92.0,78.8,78.3,0.0,8
NCT of Delhi,Delhi,Azadpur,Capsicum,Vegetables,108.3,1500,2400,2050,2023-12-22,FAQ,71.4,46.4,76.1,0.0,6
NCT of Delhi,Delhi,Azadpur,Capsicum,Vegetables,108.7,1500,4000,2550,2024-02-16,FAQ,78.3,49.2,63.5,0.0,8
NCT of Delhi,Delhi,Azadpur,Capsicum,Vegetables,109.0,1500,3500,2500,2024-11-25,FAQ,77.7,59.0,69.7,0.0,7
NCT of Delhi,Delhi,Azadpur,Capsicum,Vegetables,109.0,1500,4000,2750,2023-11-08,FAQ,86.0,63.2,66.1,0.0,7
NCT of Delhi,Delhi,Azadpur,Capsicum,Vegetables,109.2,1000,3000,2050,2023-11-25,FAQ,77.0,54.6,69.8,0.0,7
NCT of Delhi,Delhi,Azadpur,Capsicum,Vegetables,109.3,1000,2000,1500,2025-03-15,FAQ,88.2,67.1,51.5,0.0,8
NCT of Delhi,Delhi,Azadpur,Capsicum,Vegetables,109.3,1500,3000,2100,2025-02-14,FAQ,78.5,48.2,51.3,0.0,8
NCT of Delhi,Delhi,Azadpur,Capsicum,Vegetables,109.7,200,1000,550,2023-12-11,FAQ,74.0,48.3,67.8,0.0,6
NCT of Delhi,Delhi,Azadpur,Capsicum,Vegetables,109.7,2000,5000,3450,2024-02-22,FAQ,77.0,56.8,51.6,0.0,8
NCT of Delhi,Delhi,Azadpur,Capsicum,Vegetables,109.8,3000,5000,4200,2023-10-09,FAQ,96.4,78.8,58.9,0.0,7
NCT of Delhi,Delhi,Azadpur,Capsicum,Vegetables,110.2,200,800,450,2023-04-27,FAQ,100.0,73.2,33.7,0.004,9
NCT of Delhi,Delhi,Azadpur,Capsicum,Vegetables,110.2,1500,3000,2050,2025-03-05,FAQ,75.5,50.0,50.9,0.0,9
NCT of Delhi,Delhi,Azadpur,Capsicum,Vegetables,110.4,1500,4000,2300,2024-02-10,FAQ,72.6,45.9,69.7,0.0,8
NCT of Delhi,Delhi,Azadpur,Capsicum,Vegetables,110.5,2400,6500,5000,2024-11-11,FAQ,88.0,65.7,72.3,0.0,6
NCT of Delhi,Delhi,Azadpur,Capsicum,Vegetables,110.8,1500,3000,2250,2025-06-21,FAQ,98.3,82.4,72.8,0.034,8
NCT of Delhi,Delhi,Azadpur,Capsicum,Vegetables,110.8,2000,6000,4150,2023-10-16,FAQ,83.9,70.4,59.6,0.039,7
NCT of Delhi,Delhi,Azadpur,Capsicum,Vegetables,111.0,1500,2500,1950,2023-11-06,FAQ,86.7,60.8,64.9,0.0,7
NCT of Delhi,Delhi,Azadpur,Capsicum,Vegetables,111.0,2000,5000,4050,2024-04-23,FAQ,97.6,73.2,40.6,0.122,10
NCT of Delhi,Delhi,Azadpur,Capsicum,Vegetables,111.1,2000,5000,3750,2024-03-21,FAQ,83.6,64.3,62.3,0.0,9
NCT of Delhi,Delhi,Azadpur,Capsicum,Vegetables,111.2,200,700,450,2023-05-06,FAQ,95.0,73.4,49.4,0.0,9
NCT of Delhi,Delhi,Azadpur,Capsicum,Vegetables,111.5,2000,5000,3850,2024-08-08,FAQ,91.2,78.8,89.7,0.356,7
NCT of Delhi,Delhi,Azadpur,Capsicum,Vegetables,111.7,2000,4500,3250,2023-08-22,FAQ,95.6,82.4,80.9,0.0,6
NCT of Delhi,Delhi,Azadpur,Capsicum,Vegetables,111.8,1500,3000,2000,2025-02-20,FAQ,78.7,60.8,68.6,0.032,7
NCT of Delhi,Delhi,Azadpur,Capsicum,Vegetables,112.0,2000,6000,4000,2024-08-06,FAQ,92.6,80.6,80.1,0.0,5
NCT of Delhi,Delhi,Azadpur,Capsicum,Vegetables,112.1,1000,3000,2150,2024-12-06,FAQ,75.2,51.0,53.2,0.0,6
NCT of Delhi,Delhi,Azadpur,Capsicum,Vegetables,112.3,1000,3000,2100,2023-11-28,FAQ,68.0,60.0,86.9,0.009,4
NCT of Delhi,Delhi,Azadpur,Capsicum,Vegetables,112.3,1500,3000,2000,2025-02-19,FAQ,79.6,54.2,57.0,0.0,8
NCT of Delhi,Delhi,Azadpur,Capsicum,Vegetables,112.3,3000,4000,3350,2024-07-31,FAQ,98.6,77.9,78.7,3.533,4
NCT of Delhi,Delhi,Azadpur,Capsicum,Vegetables,112.4,1500,4000,2800,2024-12-20,FAQ,71.9,47.8,74.9,0.0,6
NCT of Delhi,Delhi,Azadpur,Capsicum,Vegetables,112.5,1000,3000,2050,2023-12-19,FAQ,71.8,46.4,64.9,0.0,6
NCT of Delhi,Delhi,Azadpur,Capsicum,Vegetables,112.6,500,1800,1150,2023-01-06,FAQ,58.5,43.0,87.7,0.0,5
NCT of Delhi,Delhi,Azadpur,Capsicum,Vegetables,113.7,1500,3500,2550,2024-11-22,FAQ,79.0,54.6,66.6,0.0,6
NCT of Delhi,Delhi,Azadpur,Capsicum,Vegetables,114.1,1500,3000,2300,2024-11-27,FAQ,79.2,54.4,61.1,0.0,7
NCT of Delhi,Delhi,Azadpur,Capsicum,Vegetables,114.1,3000,6000,4700,2023-10-19,FAQ,84.5,63.5,60.1,0.0,8
NCT of Delhi,Delhi,Azadpur,Capsicum,Vegetables,114.4,2000,6000,4250,2023-03-14,FAQ,91.0,68.0,55.0,0.0,9
NCT of Delhi,Delhi,Azadpur,Capsicum,Vegetables,114.6,1500,3500,2400,2025-02-10,FAQ,80.2,51.8,63.2,0.0,7
NCT of Delhi,Delhi,Azadpur,Capsicum,Vegetables,114.8,2000,5000,3350,2024-02-21,FAQ,78.8,57.2,66.5,0.0,8
NCT of Delhi,Delhi,Azadpur,Capsicum,Vegetables,115.0,1500,4000,3000,2024-12-25,FAQ,71.0,49.9,82.4,0.0,6
NCT of Delhi,Delhi,Azadpur,Capsicum,Vegetables,115.4,1500,3000,2250,2024-01-29,FAQ,71.6,48.2,84.1,0.0,7
NCT of Delhi,Delhi,Azadpur,Capsicum,Vegetables,115.6,200,1000,550,2023-12-13,FAQ,74.7,48.7,69.7,0.0,6
NCT of Delhi,Delhi,Azadpur,Capsicum,Vegetables,116.8,2000,4200,3250,2023-08-26,FAQ,94.2,80.6,63.7,0.0,8
NCT of Delhi,Delhi,Azadpur,Capsicum,Vegetables,117.3,1500,3000,2500,2024-12-11,FAQ,70.9,42.8,48.2,0.0,7
NCT of Delhi,Delhi,Azadpur,Capsicum,Vegetables,117.5,1000,2000,1500,2025-03-12,FAQ,90.8,64.4,63.2,0.0,9
NCT of Delhi,Delhi,Azadpur,Capsicum,Vegetables,117.8,2000,4500,3250,2023-08-24,FAQ,89.8,78.8,75.9,0.0,8
NCT of Delhi,Delhi,Azadpur,Capsicum,Vegetables,118.2,3000,7000,5000,2023-08-10,FAQ,93.8,82.4,71.0,0.007,6
NCT of Delhi,Delhi,Azadpur,Capsicum,Vegetables,118.6,2000,6000,4650,2024-08-31,FAQ,95.0,80.6,80.1,0.0,8
NCT of Delhi,Delhi,Azadpur,Capsicum,Vegetables,118.8,4000,6000,5300,2024-09-09,FAQ,92.8,78.8,89.8,0.081,7
NCT of Delhi,Delhi,Azadpur,Capsicum,Vegetables,118.9,2000,5000,3750,2024-03-18,FAQ,85.3,57.2,50.7,0.0,9
NCT of Delhi,Delhi,Azadpur,Capsicum,Vegetables,119.2,2000,6000,4200,2024-09-30,FAQ,92.7,77.0,77.5,0.0,8
NCT of Delhi,Delhi,Azadpur,Capsicum,Vegetables,119.4,2000,6000,4400,2024-08-28,FAQ,91.8,77.0,88.5,0.491,7
NCT of Delhi,Delhi,Azadpur,Capsicum,Vegetables,119.6,1500,3000,2050,2025-03-03,FAQ,84.2,52.8,50.3,0.0,8
NCT of Delhi,Delhi,Azadpur,Capsicum,Vegetables,120.4,2000,6000,5050,2024-09-02,FAQ,90.0,80.6,86.5,0.787,6
NCT of Delhi,Delhi,Azadpur,Capsicum,Vegetables,120.7,1500,3000,2000,2025-02-24,FAQ,78.8,53.6,68.9,0.0,8
NCT of Delhi,Delhi,Azadpur,Capsicum,Vegetables,121.2,800,2500,1850,2023-01-31,FAQ,66.9,53.6,92.9,0.0,7
NCT of Delhi,Delhi,Azadpur,Capsicum,Vegetables,121.2,1500,2500,2000,2023-12-29,FAQ,65.4,53.6,93.9,0.0,3
NCT of Delhi,Delhi,Azadpur,Capsicum,Vegetables,121.8,2000,4500,3250,2023-08-23,FAQ,84.0,80.6,92.4,0.234,3
NCT of Delhi,Delhi,Azadpur,Capsicum,Vegetables,122.2,2000,5000,3050,2024-03-01,FAQ,84.2,56.8,56.7,0.0,8
NCT of Delhi,Delhi,Azadpur,Capsicum,Vegetables,122.4,2500,8000,6000,2024-10-18,FAQ,95.4,70.0,54.3,0.0,8
NCT of Delhi,Delhi,Azadpur,Capsicum,Vegetables,122.6,2000,5000,3100,2024-02-27,FAQ,75.2,57.5,51.6,0.0,8
NCT of Delhi,Delhi,Azadpur,Capsicum,Vegetables,122.7,2000,5000,3500,2024-03-16,FAQ,84.2,58.1,46.0,0.0,9
NCT of Delhi,Delhi,Azadpur,Capsicum,Vegetables,122.8,1000,3500,2400,2023-09-11,FAQ,89.6,77.0,85.8,0.005,7
NCT of Delhi,Delhi,Azadpur,Capsicum,Vegetables,122.8,2000,5000,3850,2024-08-07,FAQ,87.6,80.5,92.6,0.755,4
NCT of Delhi,Delhi,Azadpur,Capsicum,Vegetables,122.8,2000,6000,4200,2024-10-01,FAQ,93.8,77.0,77.6,0.0,8
NCT of Delhi,Delhi,Azadpur,Capsicum,Vegetables,123.1,1500,3500,2400,2025-01-30,FAQ,78.1,51.8,76.6,0.0,7
NCT of Delhi,Delhi,Azadpur,Capsicum,Vegetables,123.3,1000,2500,1850,2023-12-16,FAQ,74.4,46.0,68.0,0.0,6
NCT of Delhi,Delhi,Azadpur,Capsicum,Vegetables,123.4,800,2500,1850,2023-02-08,FAQ,75.2,51.8,60.1,0.0,8
NCT of Delhi,Delhi,Azadpur,Capsicum,Vegetables,123.6,2000,6000,4650,2024-08-30,FAQ,93.2,78.5,82.8,0.011,8
NCT of Delhi,Delhi,Azadpur,Capsicum,Vegetables,123.7,2000,3200,2600,2025-01-20,FAQ,74.6,51.8,78.7,0.0,7
NCT of Delhi,Delhi,Azadpur,Capsicum,Vegetables,123.8,800,2800,2000,2023-02-21,FAQ,87.0,62.6,67.4,0.0,8
NCT of Delhi,Delhi,Azadpur,Capsicum,Vegetables,124.1,800,2500,1850,2023-01-27,FAQ,67.7,44.6,65.9,0.0,7
NCT of Delhi,Delhi,Azadpur,Capsicum,Vegetables,124.5,2500,8000,6200,2024-10-19,FAQ,96.4,70.4,54.5,0.0,8
NCT of Delhi,Delhi,Azadpur,Capsicum,Vegetables,125.0,1500,3000,2550,2025-01-03,FAQ,66.8,46.4,91.2,0.0,6
NCT of Delhi,Delhi,Azadpur,Capsicum,Vegetables,125.1,2000,5000,3500,2024-03-02,FAQ,75.9,64.4,70.5,0.289,8
NCT of Delhi,Delhi,Azadpur,Capsicum,Vegetables,125.4,2000,5500,4300,2024-03-19,FAQ,86.4,58.1,49.2,0.0,9
NCT of Delhi,Delhi,Azadpur,Capsicum,Vegetables,126.2,400,1000,750,2023-05-20,FAQ,104.0,77.1,33.1,0.0,10
NCT of Delhi,Delhi,Azadpur,Capsicum,Vegetables,126.5,200,800,500,2023-05-15,FAQ,105.8,80.6,27.7,0.0,10
NCT of Delhi,Delhi,Azadpur,Capsicum,Vegetables,127.4,2000,6000,4250,2023-03-13,FAQ,91.4,65.9,50.7,0.0,8
NCT of Delhi,Delhi,Azadpur,Capsicum,Vegetables,127.9,1000,2000,1600,2023-12-14,FAQ,73.4,47.2,65.5,0.0,6
NCT of Delhi,Delhi,Azadpur,Capsicum,Vegetables,127.9,2000,4500,3500,2023-03-30,FAQ,89.4,64.4,63.7,0.608,9
NCT of Delhi,Delhi,Azadpur,Capsicum,Vegetables,128.0,2000,5000,3500,2024-04-08,FAQ,97.0,67.7,29.0,0.0,10
NCT of Delhi,Delhi,Azadpur,Capsicum,Vegetables,128.5,2000,3500,2850,2023-09-02,FAQ,96.9,81.9,59.0,0.0,9
NCT of Delhi,Delhi,Azadpur,Capsicum,Vegetables,129.3,2000,6000,4150,2023-10-12,FAQ,92.8,67.7,53.6,0.0,8
NCT of Delhi,Delhi,Azadpur,Capsicum,Vegetables,129.3,4000,6000,5200,2024-09-20,FAQ,93.9,78.0,76.4,0.0,7
NCT of Delhi,Delhi,Azadpur,Capsicum,Vegetables,130.3,1500,3200,2650,2024-12-13,FAQ,71.6,44.6,54.4,0.0,7
NCT of Delhi,Delhi,Azadpur,Capsicum,Vegetables,130.9,2500,5000,4000,2023-09-21,FAQ,97.3,82.4,71.0,0.034,8
NCT of Delhi,Delhi,Azadpur,Capsicum,Vegetables,131.2,2000,3200,2600,2025-01-18,FAQ,66.7,50.0,84.9,0.0,5
NCT of Delhi,Delhi,Azadpur,Capsicum,Vegetables,131.5,800,2500,1850,2023-02-09,FAQ,82.8,51.8,60.8,0.0,7
NCT of Delhi,Delhi,Azadpur,Capsicum,Vegetables,131.6,2000,6000,4300,2024-04-26,FAQ,104.0,73.9,34.0,0.118,10
NCT of Delhi,Delhi,Azadpur,Capsicum,Vegetables,131.8,2300,6000,4250,2024-11-18,FAQ,73.3,60.7,85.6,0.0,6
NCT of Delhi,Delhi,Azadpur,Capsicum,Vegetables,131.9,1500,3000,2100,2024-02-01,FAQ,64.5,55.7,94.1,0.68,4
NCT of Delhi,Delhi,Azadpur,Capsicum,Vegetables,131.9,2000,5000,3700,2024-03-13,FAQ,86.4,59.1,54.9,0.0,9
NCT of Delhi,Delhi,Azadpur,Capsicum,Vegetables,132.1,1500,3000,2300,2023-03-04,FAQ,78.8,65.4,57.3,0.0,7
NCT of Delhi,Delhi,Azadpur,Capsicum,Vegetables,132.1,1500,4000,2700,2024-02-02,FAQ,62.6,49.1,94.1,0.0,7
NCT of Delhi,Delhi,Azadpur,Capsicum,Vegetables,132.4,2000,5000,3750,2023-03-24,FAQ,82.4,66.2,71.5,0.416,7
NCT of Delhi,Delhi,Azadpur,Capsicum,Vegetables,133.2,1500,3000,2350,2025-02-13,FAQ,74.8,51.8,52.2,0.0,8
NCT of Delhi,Delhi,Azadpur,Capsicum,Vegetables,133.2,2000,5000,3450,2024-03-08,FAQ,80.3,54.5,50.7,0.0,9
NCT of Delhi,Delhi,Azadpur,Capsicum,Vegetables,134.4,1500,3500,2550,2024-11-23,FAQ,82.4,54.9,64.4,0.0,6
NCT of Delhi,Delhi,Azadpur,Capsicum,Vegetables,134.8,2000,5000,3500,2024-04-05,FAQ,96.8,72.4,30.8,0.0,9
NCT of Delhi,Delhi,Azadpur,Capsicum,Vegetables,135.2,800,2800,2000,2023-02-17,FAQ,83.0,59.6,72.5,0.0,8
NCT of Delhi,Delhi,Azadpur,Capsicum,Vegetables,135.9,600,2000,1400,2023-01-11,FAQ,66.2,44.0,87.6,0.0,6
NCT of Delhi,Delhi,Azadpur,Capsicum,Vegetables,136.4,1000,4000,2750,2023-09-16,FAQ,91.8,77.0,91.0,0.399,7
NCT of Delhi,Delhi,Azadpur,Capsicum,Vegetables,136.6,1500,3500,2400,2025-02-06,FAQ,72.8,50.0,59.0,0.0,8
NCT of Delhi,Delhi,Azadpur,Capsicum,Vegetables,137.5,800,2800,2000,2023-02-20,FAQ,89.6,60.2,63.4,0.0,8
NCT of Delhi,Delhi,Azadpur,Capsicum,Vegetables,137.6,2500,5000,4400,2023-09-22,FAQ,95.7,80.6,71.7,0.0,7
NCT of Delhi,Delhi,Azadpur,Capsicum,Vegetables,138.8,2000,5000,3600,2024-03-14,FAQ,84.7,61.0,53.0,0.0,9
NCT of Delhi,Delhi,Azadpur,Capsicum,Vegetables,139.1,1200,7000,5000,2024-10-12,FAQ,92.3,69.6,59.7,0.0,8
NCT of Delhi,Delhi,Azadpur,Capsicum,Vegetables,140.9,800,2500,1850,2023-01-28,FAQ,72.7,41.0,68.7,0.0,7
NCT of Delhi,Delhi,Azadpur,Capsicum,Vegetables,140.9,1500,3000,2100,2024-01-06,FAQ,59.0,47.8,84.9,0.0,5
NCT of Delhi,Delhi,Azadpur,Capsicum,Vegetables,141.4,1200,5000,3450,2024-10-11,FAQ,90.3,69.8,61.6,0.0,8
NCT of Delhi,Delhi,Azadpur,Capsicum,Vegetables,141.5,1000,3000,2100,2023-11-29,FAQ,76.5,57.3,81.0,0.0,6
NCT of Delhi,Delhi,Azadpur,Capsicum,Vegetables,141.7,800,2500,1850,2023-02-14,FAQ,77.4,50.9,43.2,0.0,8
NCT of Delhi,Delhi,Azadpur,Capsicum,Vegetables,141.7,2000,4500,3250,2023-08-25,FAQ,93.9,80.1,68.1,0.0,9
NCT of Delhi,Delhi,Azadpur,Capsicum,Vegetables,143.1,1500,4000,2750,2023-04-03,FAQ,87.9,65.8,59.8,0.0,9
NCT of Delhi,Delhi,Azadpur,Capsicum,Vegetables,143.3,1500,3000,2300,2024-11-28,FAQ,78.5,52.7,63.1,0.0,7
NCT of Delhi,Delhi,Azadpur,Capsicum,Vegetables,143.6,2000,5000,3750,2023-03-25,FAQ,83.7,62.6,70.8,0.0,9
NCT of Delhi,Delhi,Azadpur,Capsicum,Vegetables,144.0,800,2800,2000,2023-02-23,FAQ,83.3,59.0,60.9,0.0,8
NCT of Delhi,Delhi,Azadpur,Capsicum,Vegetables,144.2,1500,3000,2250,2024-01-11,FAQ,62.1,44.6,83.4,0.0,6
NCT of Delhi,Delhi,Azadpur,Capsicum,Vegetables,144.7,1500,4000,2400,2024-02-08,FAQ,69.8,46.4,66.3,0.0,8
NCT of Delhi,Delhi,Azadpur,Capsicum,Vegetables,145.3,1000,2000,1300,2023-11-17,FAQ,81.4,57.2,73.2,0.0,7
NCT of Delhi,Delhi,Azadpur,Capsicum,Vegetables,146.5,800,2500,1850,2023-01-18,FAQ,65.1,42.1,60.2,0.0,7
NCT of Delhi,Delhi,Azadpur,Capsicum,Vegetables,146.5,1500,3000,2450,2024-01-05,FAQ,57.2,50.0,92.9,0.0,5
NCT of Delhi,Delhi,Azadpur,Capsicum,Vegetables,146.7,4000,6000,5000,2024-09-18,FAQ,84.2,73.4,90.1,0.297,4
NCT of Delhi,Delhi,Azadpur,Capsicum,Vegetables,147.5,2400,7500,5500,2024-10-28,FAQ,92.0,70.9,65.2,0.0,7
NCT of Delhi,Delhi,Azadpur,Capsicum,Vegetables,149.4,2000,4500,3200,2024-03-06,FAQ,72.1,50.0,51.5,0.0,8
NCT of Delhi,Delhi,Azadpur,Capsicum,Vegetables,150.0,800,2500,1850,2023-01-30,FAQ,65.5,53.6,93.5,0.561,4
NCT of Delhi,Delhi,Azadpur,Capsicum,Vegetables,150.2,1500,4000,2900,2024-12-26,FAQ,73.4,48.2,76.8,0.0,6
NCT of Delhi,Delhi,Azadpur,Capsicum,Vegetables,150.3,200,1000,500,2023-12-07,FAQ,74.7,52.8,75.5,0.0,6
NCT of Delhi,Delhi,Azadpur,Capsicum,Vegetables,150.4,2000,4000,3000,2023-09-05,FAQ,98.5,80.6,61.8,0.0,8
NCT of Delhi,Delhi,Azadpur,Capsicum,Vegetables,150.7,400,1000,750,2023-05-19,FAQ,100.4,77.1,40.6,0.0,10
NCT of Delhi,Delhi,Azadpur,Capsicum,Vegetables,151.7,2500,5000,4150,2023-09-26,FAQ,94.4,78.8,68.9,0.0,8
NCT of Delhi,Delhi,Azadpur,Capsicum,Vegetables,152.1,1000,3000,2300,2023-09-15,FAQ,90.7,76.5,82.1,0.175,7
NCT of Delhi,Delhi,Azadpur,Capsicum,Vegetables,152.3,3500,6500,5000,2023-08-19,FAQ,93.2,77.0,84.0,0.692,7
NCT of Delhi,Delhi,Azadpur,Capsicum,Vegetables,152.6,1000,2500,1700,2023-01-13,FAQ,69.8,53.6,90.5,0.0,5
NCT of Delhi,Delhi,Azadpur,Capsicum,Vegetables,152.9,1500,4000,2550,2024-02-14,FAQ,73.6,51.8,76.4,0.0,8
NCT of Delhi,Delhi,Azadpur,Capsicum,Vegetables,154.4,2000,5000,3750,2023-08-28,FAQ,94.9,80.6,62.5,0.0,8
NCT of Delhi,Delhi,Azadpur,Capsicum,Vegetables,154.9,1000,3000,2100,2023-12-01,FAQ,76.2,58.5,82.6,0.0,6
NCT of Delhi,Delhi,Azadpur,Capsicum,Vegetables,155.1,2500,5000,3750,2023-09-19,FAQ,94.5,80.6,71.2,0.0,8
NCT of Delhi,Delhi,Azadpur,Capsicum,Vegetables,155.5,800,2500,1850,2023-02-02,FAQ,74.5,48.2,68.0,0.0,7
NCT of Delhi,Delhi,Azadpur,Capsicum,Vegetables,155.9,3000,8000,6000,2023-08-08,FAQ,91.8,80.6,72.7,0.0,8
NCT of Delhi,Delhi,Azadpur,Capsicum,Vegetables,156.7,800,2800,2000,2023-02-25,FAQ,85.6,57.7,61.3,0.0,8
NCT of Delhi,Delhi,Azadpur,Capsicum,Vegetables,156.7,2000,6000,4500,2023-10-13,FAQ,95.4,71.6,55.5,0.0,8
NCT of Delhi,Delhi,Azadpur,Capsicum,Vegetables,156.8,800,2500,1850,2023-02-10,FAQ,84.0,57.2,61.0,0.0,7
NCT of Delhi,Delhi,Azadpur,Capsicum,Vegetables,158.5,2000,6000,4500,2023-10-14,FAQ,96.4,72.9,55.2,0.0,8
NCT of Delhi,Delhi,Azadpur,Capsicum,Vegetables,163.6,2000,3500,2850,2023-11-03,FAQ,84.5,65.5,72.3,0.0,7
NCT of Delhi,Delhi,Azadpur,Capsicum,Vegetables,166.9,1000,3000,2050,2023-11-27,FAQ,73.9,59.8,75.1,0.249,3
NCT of Delhi,Delhi,Azadpur,Capsicum,Vegetables,167.4,1500,3500,2500,2024-11-21,FAQ,78.7,53.5,59.5,0.0,7
NCT of Delhi,Delhi,Azadpur,Capsicum,Vegetables,167.5,2000,4000,3000,2023-08-31,FAQ,96.2,81.3,61.7,0.0,8
NCT of Delhi,Delhi,Azadpur,Capsicum,Vegetables,167.7,800,2800,2000,2023-03-02,FAQ,86.9,62.0,56.6,0.0,8
NCT of Delhi,Delhi,Azadpur,Capsicum,Vegetables,168.5,2000,4500,3500,2023-03-07,FAQ,86.8,63.2,50.4,0.0,8
NCT of Delhi,Delhi,Azadpur,Capsicum,Vegetables,168.5,2500,5000,4000,2023-09-20,FAQ,96.1,80.5,68.4,0.0,8
NCT of Delhi,Delhi,Azadpur,Capsicum,Vegetables,169.2,2000,5000,3900,2023-09-28,FAQ,93.2,74.5,63.9,0.0,8
NCT of Delhi,Delhi,Azadpur,Capsicum,Vegetables,169.3,800,2800,2000,2023-03-01,FAQ,84.2,66.2,48.8,0.002,8
NCT of Delhi,Delhi,Azadpur,Capsicum,Vegetables,169.6,2000,5000,3250,2024-02-26,FAQ,76.4,54.6,42.9,0.0,8
NCT of Delhi,Delhi,Azadpur,Capsicum,Vegetables,169.7,800,2800,2000,2023-02-18,FAQ,83.9,57.7,70.9,0.0,8
NCT of Delhi,Delhi,Azadpur,Capsicum,Vegetables,170.0,1200,5000,3450,2024-10-10,FAQ,92.7,71.6,60.2,0.0,8
NCT of Delhi,Delhi,Azadpur,Capsicum,Vegetables,170.8,1000,3000,2150,2024-12-05,FAQ,75.7,49.5,51.5,0.0,7
NCT of Delhi,Delhi,Azadpur,Capsicum,Vegetables,173.9,1500,4000,2600,2024-02-07,FAQ,68.3,49.1,67.7,0.0,7
NCT of Delhi,Delhi,Azadpur,Capsicum,Vegetables,176.6,3000,7000,5000,2023-08-11,FAQ,94.6,82.4,66.4,0.0,8
NCT of Delhi,Delhi,Azadpur,Capsicum,Vegetables,176.9,800,2500,1850,2023-02-11,FAQ,80.2,60.0,74.9,0.0,8
NCT of Delhi,Delhi,Azadpur,Capsicum,Vegetables,180.1,800,2800,2000,2023-02-15,FAQ,80.6,51.8,52.7,0.0,8
NCT of Delhi,Delhi,Azadpur,Capsicum,Vegetables,180.5,2500,5000,4400,2023-09-23,FAQ,91.4,76.3,84.4,0.585,7
NCT of Delhi,Delhi,Azadpur,Capsicum,Vegetables,181.0,2000,3500,2850,2023-09-01,FAQ,97.1,82.4,60.6,0.0,8
NCT of Delhi,Delhi,Azadpur,Capsicum,Vegetables,182.6,800,2800,2000,2023-02-24,FAQ,84.7,55.9,58.4,0.0,8
NCT of Delhi,Delhi,Azadpur,Capsicum,Vegetables,187.7,1500,3000,2350,2025-02-12,FAQ,77.8,55.4,60.1,0.0,8
NCT of Delhi,Delhi,Azadpur,Capsicum,Vegetables,187.9,800,2500,1850,2023-01-21,FAQ,72.3,48.7,80.0,0.0,7
NCT of Delhi,Delhi,Azadpur,Capsicum,Vegetables,188.5,1000,3500,2400,2023-09-14,FAQ,97.5,82.4,73.8,0.0,7
NCT of Delhi,Delhi,Azadpur,Capsicum,Vegetables,197.3,800,2500,1850,2023-01-19,FAQ,70.1,44.8,54.4,0.0,6
NCT of Delhi,Delhi,Azadpur,Capsicum,Vegetables,197.4,1000,3000,2000,2023-09-09,FAQ,87.8,77.0,87.2,1.014,3
NCT of Delhi,Delhi,Azadpur,Capsicum,Vegetables,198.0,3000,6000,4600,2023-10-21,FAQ,87.0,63.9,59.8,0.0,8
NCT of Delhi,Delhi,Azadpur,Capsicum,Vegetables,199.1,800,2500,1850,2023-01-25,FAQ,65.4,54.3,91.8,0.0,5
NCT of Delhi,Delhi,Azadpur,Capsicum,Vegetables,203.1,2000,6000,4250,2023-03-15,FAQ,92.4,67.2,50.0,0.0,9
NCT of Delhi,Delhi,Azadpur,Capsicum,Vegetables,203.3,3000,6000,4700,2023-10-20,FAQ,86.3,65.0,60.4,0.0,8
NCT of Delhi,Delhi,Azadpur,Capsicum,Vegetables,203.5,2000,4000,3000,2023-09-06,FAQ,97.2,80.6,59.1,0.0,8
NCT of Delhi,Delhi,Azadpur,Capsicum,Vegetables,203.8,2000,4000,3000,2023-09-07,FAQ,98.5,82.4,65.3,0.005,8
NCT of Delhi,Delhi,Azadpur,Capsicum,Vegetables,207.8,800,2800,2000,2023-02-22,FAQ,81.0,60.8,77.3,0.0,7
NCT of Delhi,Delhi,Azadpur,Capsicum,Vegetables,207.8,2000,4000,3000,2023-08-30,FAQ,96.1,82.4,62.8,0.0,8
NCT of Delhi,Delhi,Azadpur,Capsicum,Vegetables,209.5,3000,5000,4000,2023-10-07,FAQ,94.6,73.2,58.1,0.0,8
NCT of Delhi,Delhi,Azadpur,Capsicum,Vegetables,211.2,800,2500,1850,2023-02-03,FAQ,74.0,48.2,68.8,0.0,7
NCT of Delhi,Delhi,Azadpur,Capsicum,Vegetables,212.5,500,1800,1150,2023-01-05,FAQ,58.2,42.2,91.0,0.0,6
NCT of Delhi,Delhi,Azadpur,Capsicum,Vegetables,212.5,2000,5000,3750,2023-10-06,FAQ,95.0,69.6,52.4,0.0,8
NCT of Delhi,Delhi,Azadpur,Capsicum,Vegetables,214.6,2000,4500,3500,2023-03-06,FAQ,85.3,62.6,57.3,0.0,8
NCT of Delhi,Delhi,Azadpur,Capsicum,Vegetables,217.4,1000,4000,2750,2023-09-18,FAQ,91.0,77.0,77.3,0.0,7
NCT of Delhi,Delhi,Azadpur,Capsicum,Vegetables,220.8,800,2500,1850,2023-02-04,FAQ,76.5,52.6,65.8,0.0,7
NCT of Delhi,Delhi,Azadpur,Capsicum,Vegetables,244.6,2000,5000,3750,2023-08-29,FAQ,95.0,80.6,61.5,0.0,8
NCT of Delhi,Delhi,Azadpur,Capsicum,Vegetables,245.9,1000,3000,2000,2023-09-08,FAQ,96.2,78.8,66.4,0.0,8
NCT of Delhi,Delhi,Azadpur,Capsicum,Vegetables,246.2,800,2800,2000,2023-03-03,FAQ,87.8,62.5,59.4,0.0,8
NCT of Delhi,Delhi,Azadpur,Capsicum,Vegetables,256.2,2000,5000,3900,2023-09-27,FAQ,92.9,78.8,65.1,0.0,8
NCT of Delhi,Delhi,Azadpur,Capsicum,Vegetables,694.0,2000,4000,3350,2023-10-30,FAQ,90.2,65.6,58.4,0.0,7
NCT of Delhi,Delhi,Azadpur,Capsicum,Vegetables,777.7,3000,8000,6000,2023-08-02,FAQ,94.9,82.4,78.9,0.17,8
